snapshot_file,day,iteration_end_of_day,simulated_hour_end_of_day,grid_size,grid_cells_total,tumour_cells,area_lattice,r_eff,centroid_row,centroid_col,centroid_offset_from_grid_center,bbox_height,bbox_width,bbox_area,rho_tumour_bbox,radius_gyration,max_radius_centroid,anisotropy,perimeter_4n,compactness,regions_axis,n_regions,active_regions,active_region_fraction,rho_global,rho_region_mean,rho_region_std,rho_max,hotspot_gap,hotspot_ratio,hotspot_excess_norm,regional_density_cv,regional_imbalance_linf,spatial_entropy,spatial_entropy_norm_all,spatial_entropy_norm_active,regional_hhi,hotspot_region_row,hotspot_region_col,ro_min,ro_mean,ro_median,ro_max,ro_std,ro_gt_10_fraction,d_tumour_cells_per_day,d_r_eff_per_day,d_rho_tumour_bbox_per_day,d_rho_max_per_day,d_hotspot_gap_per_day,d_hotspot_ratio_per_day,d_hotspot_excess_norm_per_day,d_active_region_fraction_per_day,d_spatial_entropy_norm_all_per_day,d_regional_hhi_per_day,d_regional_density_cv_per_day,d_regional_imbalance_linf_per_day,d_compactness_per_day,d_anisotropy_per_day,iteration_end_of_day_profile,tumor_cells,crm_ms,frm_ms,frm_crm_ratio,kernel_delta_ms,kernel_mean_ms
1dia.txt,1,24,24,1024,1048576,30,30,3.0901936161855166,510.7,508.43333333333334,3.1692971530679226,15,15,225,0.13333333333333333,5.3655278294766955,9.00431995087791,0.5659777284250523,84,0.053428446489622326,16,256,3,0.01171875,2.86102294921875e-05,2.86102294921875e-05,0.0002937007243691299,0.00341796875,0.0033893585205078125,119.46666666666667,118.46666666666667,10.265584358536158,118.46666666666667,0.9482980107415577,0.1710131046727143,0.8631780479091637,0.41555555555555557,7,7,10.0,3343.0,10.0,100000.0,17948.754302179303,0.03333333333333333,,,,,,,,,,,,,,,24,30,0.650653,0.931259,1.4312682797128422,0.2806059999999999,0.790956
5dia.txt,5,120,120,1024,1048576,202,202,8.018640596081465,507.019801980198,508.85643564356434,5.201981046029953,29,33,957,0.2110762800417973,9.114442197034444,17.304529621377046,0.2887220383634577,472,0.011394026788730577,16,256,4,0.015625,0.0001926422119140625,0.0001926422119140625,0.0018266376227192487,0.024169921875,0.023977279663085938,125.46534653465346,124.46534653465346,9.482021642972569,124.46534653465346,1.1603192179106767,0.20924834769098674,0.836993390763947,0.35511224389765705,7,7,10.0,1000.0,10.0,100000.0,9900.0,0.009900990099009901,43.0,1.2321117449739871,0.01943573667711599,0.00518798828125,0.005146980285644531,1.4996699669966986,1.4996699669966986,0.0009765625,0.00955881075456811,-0.015110827914474628,-0.19589067889089717,1.4996699669966986,-0.010508604925222938,-0.06931392251539865,120,202,0.807324,1.056059,1.3080981117865935,0.248735,0.9316915
10dia.txt,10,240,240,1024,1048576,417,417,11.521077316754745,511.158273381295,504.71942446043164,6.789181226755133,40,57,2280,0.18289473684210528,15.14246705256913,36.91984555924106,0.45152178899791384,1010,0.005136924366422679,16,256,4,0.015625,0.00039768218994140625,0.00039768218994140625,0.0032666550082291424,0.033447265625,0.033049583435058594,84.10551558752998,83.10551558752998,8.214235112491322,83.10551558752998,1.3510552962005826,0.24364509697441877,0.9745803878976751,0.2674752284503333,7,7,10.0,249.7841726618705,10.0,100000.0,4890.656701814318,0.002398081534772182,43.0,0.7004873441346561,-0.005636308639938403,0.00185546875,0.0018144607543945312,-8.271966189424697,-8.271966189424697,0.0,0.006879349856686407,-0.017527403089464755,-0.2535573060962495,-8.271966189424697,-0.0012514204844615796,0.032559950126891224,240,417,0.827068,1.624504,1.964172232512925,0.7974359999999999,1.225786
15dia.txt,15,360,360,1024,1048576,603,603,13.85427231466257,507.7213930348259,498.8805970149254,13.172972416921398,51,77,3927,0.15355233002291827,17.743828348730055,43.33873680403725,0.5392356724040542,1370,0.0040372537058226765,16,256,4,0.015625,0.0005750656127929688,0.0005750656127929688,0.0055717913266603546,0.07666015625,0.07608509063720703,133.30679933665007,132.30679933665007,9.688966272212618,132.30679933665007,1.1512544588128335,0.2076136373163228,0.8304545492652912,0.3706096383752877,7,7,10.0,175.82089552238807,10.0,100000.0,4068.529804965392,0.001658374792703151,37.2,0.4666389995815649,-0.005868481363837402,0.008642578125,0.008607101440429688,9.840256749824018,9.840256749824018,0.0,-0.007206291931619197,0.020626881984990887,0.2949462319442592,9.840256749824018,-0.00021993413212000046,0.017542776681228077,360,603,1.090266,2.325844,2.133281235955262,1.235578,1.708055
20dia.txt,20,480,480,1024,1048576,1210,1210,19.625365277680483,504.85619834710747,502.87603305785126,10.886363314819686,73,99,7227,0.167427701674277,26.885929581850554,53.30189719949211,0.3735155810827093,3032,0.001654005085092196,16,256,4,0.015625,0.0011539459228515625,0.0011539459228515625,0.010382670984770798,0.139892578125,0.13873863220214844,121.22975206611571,120.22975206611571,8.997536868204152,120.22975206611571,1.2602444915746767,0.2272685597878024,0.9090742391512096,0.32013933474489453,7,7,10.0,92.63636363636364,10.0,100000.0,2873.3223333634114,0.0008264462809917355,121.4,1.1542185926035828,0.0027750743302717485,0.012646484375,0.012530708312988281,-2.415409454106873,-2.415409454106873,0.0,0.0039309844942959195,-0.010094060726078635,-0.13828588080169305,-2.415409454106873,-0.0004766497241460961,-0.03314401826426898,480,1210,0.909243,1.645431,1.809671341984486,0.7361880000000001,1.2773370000000002
25dia.txt,25,600,600,1024,1048576,1679,1679,23.11800810845486,500.61882072662297,501.249553305539,14.94897052694119,134,109,14606,0.11495275914007942,37.60146869660495,74.71301263528257,0.2568417712068947,4454,0.0010635554435466075,16,256,7,0.02734375,0.0016012191772460938,0.0016012191772460938,0.013824657591181328,0.18408203125,0.1824808120727539,114.96366885050625,113.96366885050625,8.633832137183177,113.96366885050625,1.3764981457783245,0.24823338108840529,0.7073801153905165,0.29509006786350395,7,7,10.0,69.55330553901132,10.0,100000.0,2439.5057746693533,0.0005955926146515784,93.8,0.6985285661548751,-0.010494988506839517,0.008837890625,0.008748435974121093,-1.2532166431218912,-1.2532166431218912,0.00234375,0.00419296426012058,-0.005009853376278117,-0.0727409462041951,-1.2532166431218912,-0.00011808992830911769,-0.02333476197516292,600,1679,0.847868,2.109621,2.488147919251582,1.261753,1.4787445
30dia.txt,30,720,720,1024,1048576,3314,3314,32.47890027099259,497.2118286059143,505.0220277610139,15.688083570527128,173,135,23355,0.1418968101049026,42.96056031986793,91.30046212886907,0.22494049958697013,7850,0.0006758075737918178,16,256,9,0.03515625,0.0031604766845703125,0.0031604766845703125,0.02478947602184984,0.288330078125,0.2851696014404297,91.22993361496681,90.22993361496681,7.843587691335913,90.22993361496681,1.5502964841810634,0.27957563120445195,0.705570336401638,0.24422604637373535,7,7,10.0,40.171997585998795,10.0,100000.0,1736.6599232969272,0.00030175015087507544,327.0,1.8721784325075461,0.0053888101929646355,0.020849609375,0.020537757873535158,-4.746747047107888,-4.746747047107888,0.0015625,0.006268450023209332,-0.01017280429795372,-0.1580488891694527,-4.746747047107888,-7.754957395095794e-05,-0.006380254323984919,720,3314,1.191514,3.706222,3.110514857567767,2.514708,2.448868
35dia.txt,35,840,840,1024,1048576,4967,4967,39.762359143728986,488.8713509160459,499.7141131467687,25.513974372525873,197,159,31323,0.1585735721354915,55.0006622466925,109.05266353380112,0.35867202893242384,12086,0.00042730585556615075,16,256,12,0.046875,0.004736900329589844,0.004736900329589844,0.031237739745530204,0.3251953125,0.32045841217041016,68.65149989933562,67.65149989933562,6.594552887338248,67.65149989933562,1.8732185509412467,0.3378103892430183,0.7538386003760182,0.1737817491558642,7,7,10.0,30.13086370042279,10.0,100000.0,1418.6189797588174,0.00020132876988121604,330.6,1.4566917745472794,0.0033353524061177807,0.007373046875,0.007057762145996094,-4.515686743126238,-4.515686743126238,0.00234375,0.011646951607713275,-0.014088859443574232,-0.24980696079953296,-4.515686743126238,-4.9700343645133415e-05,0.026746305869090742,840,4967,1.346041,3.787693,2.813950689466368,2.441652,2.566867
40dia.txt,40,960,960,1024,1048576,7268,7268,48.098609676203644,484.30255916345624,496.48706659328565,31.065880923156485,234,191,44694,0.16261690607240345,62.46262223726721,119.31532427774823,0.28938930068172486,17424,0.0003008354820627098,16,256,15,0.05859375,0.006931304931640625,0.006931304931640625,0.0407831464794991,0.370361328125,0.3634300231933594,53.43313153549807,52.43313153549807,5.883905971778653,52.43313153549807,2.1599627874298215,0.38952095024121325,0.7976081043662668,0.13914199017473633,7,7,10.0,23.757567418822234,10.0,100000.0,1172.78723370727,0.0001375894331315355,460.2,1.6672501064949317,0.0008086667873823894,0.009033203125,0.008594322204589843,-3.0436736727675098,-3.0436736727675098,0.00234375,0.010342112199638986,-0.006927951796225573,-0.14212938311191917,-3.0436736727675098,-2.5294074700688193e-05,-0.013856545650139796,960,7268,1.294073,4.73956,3.662513629447489,3.445487,3.0168165
45dia.txt,45,1080,1080,1024,1048576,9838,9838,55.96009882296611,486.7703801585688,498.3587111201464,28.00442056043067,261,215,56115,0.17531854227924798,70.61023858888673,135.0315710047026,0.2957689881005429,22518,0.00024381310911651124,16,256,15,0.05859375,0.009382247924804688,0.009382247924804688,0.05014718958381791,0.385986328125,0.3766040802001953,41.140069119739785,40.140069119739785,5.344901348347372,40.140069119739785,2.330410051912473,0.4202588781414896,0.860549058863077,0.115499884467053,8,7,10.0,20.16365114860744,10.0,100000.0,1008.0477064824796,0.00010164667615368977,514.0,1.5722978293524932,0.002540327241368906,0.003125,0.0026348114013671877,-2.458612483151657,-2.458612483151657,0.0,0.00614758558005527,-0.004728421141536665,-0.10780092468625604,-2.458612483151657,-1.1404474589239711e-05,0.0012759374837636116,1080,9838,1.603512,5.60522,3.495589680650971,4.001708,3.604366
50dia.txt,50,1200,1200,1024,1048576,11640,11640,60.86975501165849,478.7277491408935,500.67242268041235,34.51458904555951,271,215,58265,0.19977688148974512,76.64364037785585,141.7388485450646,0.31758612348343623,27068,0.0001996413549439797,16,256,17,0.06640625,0.01110076904296875,0.01110076904296875,0.05383434802179823,0.368408203125,0.35730743408203125,33.187628865979384,32.187628865979384,4.849605267294252,32.187628865979384,2.491156589311274,0.44924740718465495,0.879268973703466,0.09577605956471937,7,7,10.0,18.59020618556701,10.0,100000.0,926.7474978938628,8.59106529209622e-05,360.4,0.9819312377384761,0.004891667842099429,-0.003515625,-0.0038593292236328127,-1.59048805075208,-1.59048805075208,0.0015625,0.005797705808633069,-0.003944764980466728,-0.09905921621062408,-1.59048805075208,-8.83435083450631e-06,0.004363427076578663,1200,11640,1.710584,5.93565,3.469955290123139,4.225066,3.823117
55dia.txt,55,1320,1320,1024,1048576,13953,13953,66.64366317904825,485.9675338636852,501.97971762345014,27.249634924734437,315,244,76860,0.18153786104605776,84.22704805943687,163.81944449730022,0.37500912190672214,32836,0.00016262112616524963,16,256,21,0.08203125,0.013306617736816406,0.013306617736816406,0.05831857278033721,0.388427734375,0.3751211166381836,29.190568336558446,28.190568336558446,4.382674390576569,28.190568336558446,2.6695752610760928,0.4814228738042924,0.8768453232594005,0.07893685474146758,8,7,10.0,17.166200817028596,10.0,100000.0,846.4614966202184,7.166917508779473e-05,462.6,1.1547816334779513,-0.003647804088737472,0.00400390625,0.003562736511230469,-0.7994121058841877,-0.7994121058841877,0.003125,0.0064350933239274875,-0.0033678409646503565,-0.09338617534353659,-0.7994121058841877,-7.404045755746011e-06,0.011484599684657181,1320,13953,1.764439,6.481567,3.673443513774066,4.717128,4.123003
60dia.txt,60,1440,1440,1024,1048576,16858,16858,73.25345084899648,484.10772333610157,502.7874006406454,28.744498750685857,334,269,89846,0.18763217060303186,92.40848285232175,171.93926963914708,0.34422226595436534,39324,0.00013699368207410953,16,256,23,0.08984375,0.016077041625976562,0.016077041625976562,0.06495262773152696,0.38427734375,0.36820030212402344,23.902242258868192,22.902242258868192,4.0400858094799865,22.902242258868192,2.796487523318516,0.5043098352249353,0.8918809382940689,0.06766520839047484,6,7,10.0,15.931308577529956,10.0,100000.0,770.0885431207106,5.931901767706727e-05,581.0,1.3219575339896465,0.0012188619113948195,-0.000830078125,-0.0013841629028320313,-1.0576652155380508,-1.0576652155380508,0.0015625,0.00457739228412859,-0.002254329270198549,-0.0685177162193165,-1.0576652155380508,-5.12548881822802e-06,-0.006157371190471361,1440,16858,2.108214,7.881081,3.7382737236352663,5.772867,4.9946475
65dia.txt,65,1560,1560,1024,1048576,18921,18921,77.60632291562011,479.5147190951852,500.4357592093441,33.84487581353376,357,295,105315,0.17966101694915254,102.31149496415169,188.05012008973966,0.32934490870345656,45290,0.00011591758067659061,16,256,30,0.1171875,0.018044471740722656,0.018044471740722656,0.06682886069887115,0.3662109375,0.34816646575927734,20.294910416996988,19.294910416996988,3.703564263843323,19.294910416996988,2.953990650506165,0.5327134577897009,0.8685149137279878,0.057485891626630196,8,8,10.0,15.284604407800856,10.0,100000.0,726.8972882686114,5.2851329210929655e-05,412.6,0.8705744133247265,-0.0015942307307758642,-0.00361328125,-0.004006767272949218,-0.7214663683742408,-0.7214663683742408,0.00546875,0.005680724512953117,-0.0020358633527689284,-0.06730430912733273,-0.7214663683742408,-4.215220279503784e-06,-0.0029754714501817547,1560,18921,2.117141,8.052056,3.803268653339575,5.934915,5.0845985
70dia.txt,70,1680,1680,1024,1048576,23528,23528,86.54013520981017,479.08679020741243,498.76738354301256,34.824354852589046,381,319,121539,0.19358395247615992,110.42520686791184,202.79586526612354,0.2773087585890586,54766,9.857637222741774e-05,16,256,32,0.125,0.02243804931640625,0.02243804931640625,0.07647824077182717,0.377197265625,0.35475921630859375,16.81060863651819,15.810608636518191,3.4084175363634586,15.810608636518191,3.1105809800510142,0.5609524692753912,0.897523950840626,0.04928636758667948,7,7,10.0,14.249829989799387,10.0,100000.0,651.8607517139673,4.250255015300918e-05,921.4,1.7867624588380124,0.002784587105401476,0.002197265625,0.0013185501098632812,-0.6968603560957597,-0.6968603560957594,0.0015625,0.00564780229713806,-0.0016399048079901433,-0.05902934549597285,-0.6968603560957594,-3.4682416898345752e-06,-0.010407230022879587,1680,23528,2.335284,9.210897,3.944229909509935,6.875613,5.7730905
75dia.txt,75,1800,1800,1024,1048576,29077,29077,96.2054913223049,480.5738556247206,494.8359528149396,35.1299996371555,396,347,137412,0.21160451780048323,119.15981710537469,207.38653602093993,0.2078881208353274,67912,7.922576097247996e-05,16,256,35,0.13671875,0.02772998809814453,0.02772998809814453,0.08580179808557013,0.41064453125,0.38291454315185547,14.808680400316401,13.808680400316401,3.09418806030109,13.808680400316401,3.2867336473085804,0.5927192917118731,0.9244477869577966,0.041304686533241486,7,6,10.0,13.438800426453898,10.0,100000.0,586.3734554810206,3.439144340887987e-05,1109.8,1.9330712224989441,0.0036041130648646613,0.006689453125,0.005631065368652344,-0.40038564724035763,-0.400385647240358,0.00234375,0.006353364487296375,-0.001596336210687599,-0.06284589521247375,-0.400385647240358,-3.870122250987555e-06,-0.013884127550746245,1800,29077,2.616179,11.380935,4.350212657467245,8.764755999999998,6.998557
80dia.txt,80,1920,1920,1024,1048576,35749,35749,106.67361492508039,476.6375283224706,497.0213991999776,37.74946109009967,400,402,160800,0.22231965174129353,129.04411281371492,218.92698705014504,0.10397245713889408,81334,6.790933835072338e-05,16,256,40,0.15625,0.03409290313720703,0.03409290313720703,0.09642243918215897,0.435791015625,0.40169811248779297,12.782455453299393,11.782455453299393,2.8282261206711103,11.782455453299393,3.4261636214586693,0.6178636582440743,0.9287816704440479,0.03515180855330608,8,6,10.0,12.79700131472209,10.0,100000.0,528.8329965525098,2.797281042826373e-05,1334.4,2.0936247205550984,0.0021430267881620614,0.005029296875,0.0037567138671875,-0.4052449894034016,-0.4052449894034016,0.00390625,0.00502887330644024,-0.001230575595987081,-0.0531923879259959,-0.4052449894034016,-2.2632845243513173e-06,-0.020783132739286662,1920,35749,3.166863,14.510359,4.581934551636746,11.343495999999998,8.838611
85dia.txt,85,2040,2040,1024,1048576,40095,40095,112.97183227043406,481.3261254520514,497.77024566654194,33.15069922780592,428,441,188748,0.21242609193209994,137.1631465494096,237.38231502063806,0.10281816046281281,92850,5.844350660633009e-05,16,256,46,0.1796875,0.038237571716308594,0.038237571716308594,0.10063107672812117,0.414306640625,0.3760690689086914,10.835066716548198,9.835066716548198,2.6317329320679983,9.835066716548198,3.554239965052462,0.6409605464638187,0.9283292941229069,0.030961008694262587,5,7,10.0,12.493827160493828,10.0,100000.0,499.3511375814331,2.4940765681506424e-05,869.2,1.2596434690707354,-0.0019787119618387195,-0.004296875,-0.005125808715820313,-0.38947774735023905,-0.38947774735023905,0.0046875,0.0046193776439488856,-0.0008381599718086989,-0.039298637720622406,-0.38947774735023905,-1.8931663488786576e-06,-0.0002308593352162547,2040,40095,3.490669,16.020463,4.589510778592872,12.529794,9.755566
90dia.txt,90,2160,2160,1024,1048576,45736,45736,120.6574529587868,476.8229622179465,495.89942277418226,38.024662511542026,462,488,225456,0.20285998154850615,146.73201749676986,261.298839503111,0.05837371614005517,105932,5.1216948479925946e-05,16,256,52,0.203125,0.04361724853515625,0.04361724853515625,0.10646017407210197,0.422607421875,0.37899017333984375,9.688997726080112,8.688997726080112,2.440781517575398,8.688997726080112,3.685924713939325,0.6647081632362919,0.9328517743933656,0.02717740006460024,8,8,10.0,12.186242784677278,10.0,100000.0,467.5442614152883,2.1864614308203603e-05,1128.2,1.5371241376705485,-0.0019132220767187568,0.00166015625,0.0005842208862304688,-0.22921379809361717,-0.22921379809361717,0.0046875,0.004749523354494634,-0.0007567217259324694,-0.03819028289852007,-0.22921379809361717,-1.4453116252808288e-06,-0.008888888864551529,2160,45736,3.828524,15.535121,4.057731125624392,11.706597,9.6818225
95dia.txt,95,2280,2280,1024,1048576,51323,51323,127.81478118203188,483.65385889367343,502.1830952984042,29.363451563671255,483,533,257439,0.19935984835242523,155.8374916922701,284.87301613909915,0.052395646600023243,118946,4.5585026825759636e-05,16,256,58,0.2265625,0.04894542694091797,0.04894542694091797,0.11201516637337895,0.438232421875,0.38928699493408203,8.953490637725777,7.953490637725776,2.2885726690788184,7.953490637725776,3.7961321721175727,0.6845826324091339,0.9349059110687339,0.02436548774083808,9,8,10.0,11.948249322915652,10.0,100000.0,441.36340369689884,1.9484441673323852e-05,1117.4,1.4314656446490148,-0.0007000266392161835,0.003125,0.0020593643188476563,-0.1471014176708671,-0.1471014176708673,0.0046875,0.003974893834568394,-0.0005623824647524318,-0.03044176969931591,-0.1471014176708673,-1.126384330833262e-06,-0.0011956139080063848,2280,51323,4.641225,19.570654,4.216700116887244,14.929429,12.105939500000002
100dia.txt,100,2400,2400,1024,1048576,56537,56537,134.15023680625006,484.23252029644306,503.1073279445319,28.52985092170173,506,556,281336,0.20095899564933034,165.4978386748583,298.1864243350834,0.04886319546561088,130518,4.1706313509802256e-05,16,256,66,0.2578125,0.053917884826660156,0.053917884826660156,0.11667126063163824,0.449462890625,0.39554500579833984,8.336063109114384,7.336063109114385,2.1638693915149494,7.336063109114385,3.8795889319979313,0.6996329641101406,0.9259925151067404,0.02219660446693468,6,6,10.0,11.7685763305446,10.0,100000.0,420.51970159425065,1.7687532058651855e-05,1042.8,1.267091124843637,0.0003198294593810214,0.00224609375,0.0012516021728515626,-0.12348550572227843,-0.12348550572227808,0.00625,0.0030100663402013563,-0.00043377665478067995,-0.0249406555127738,-0.12348550572227808,-7.75742663191476e-07,-0.0007064902268824724,2400,56537,4.908743,19.345919,3.941114660107485,14.437175999999996,12.127331
105dia.txt,105,2520,2520,1024,1048576,63121,63121,141.74638734658126,481.3634923401087,502.1058284881418,31.566747572863704,534,556,296904,0.21259733786004903,173.56957951713022,293.4246787645088,0.04854114637417926,145300,3.757097850326355e-05,16,256,68,0.265625,0.060196876525878906,0.060196876525878906,0.12202488136895581,0.40380859375,0.3436117172241211,6.708132000443593,5.708132000443593,2.0270965606744857,5.708132000443593,3.985883659626735,0.7188018236629804,0.9446323927166235,0.01995750182147785,5,9,10.0,11.584100378637855,10.0,100000.0,397.9845317169872,1.5842588045183062e-05,1316.8,1.519230108066239,0.0023276684421437376,-0.009130859375,-0.01038665771484375,-0.32558622173415835,-0.3255862217341585,0.0015625,0.0038337719105679515,-0.000447820529091366,-0.02735456616809273,-0.3255862217341585,-8.27067001307741e-07,-6.440981828632481e-05,2520,63121,5.254757,19.271518,3.667442281346217,14.016761,12.2631375
110dia.txt,110,2640,2640,1024,1048576,69762,69762,149.01655706650052,478.9132479000029,500.81702072761675,34.293183849867845,564,593,334452,0.20858598543288723,183.49416714268844,315.959491028001,0.07619880039465597,159992,3.424776636284986e-05,16,256,73,0.28515625,0.06653022766113281,0.06653022766113281,0.12693329984985474,0.4248046875,0.3582744598388672,6.38513804076718,5.38513804076718,1.907904185994686,5.38513804076718,4.077546955727751,0.7353320965025395,0.9503753646104504,0.018125384308343935,8,5,10.0,11.433301797540208,10.0,100000.0,378.56808156790316,1.4334451420544136e-05,1328.2,1.4540339439838532,-0.0008022704854323603,0.00419921875,0.0029325485229492188,-0.06459879193528248,-0.06459879193528248,0.00390625,0.00330605456791182,-0.000366423502626783,-0.023838474935959964,-0.06459879193528248,-6.646424280827381e-07,0.005531530804095343,2640,69762,6.175648,25.557503,4.13843259849007,19.381855,15.8665755
115dia.txt,115,2760,2760,1024,1048576,75307,75307,154.8255876747856,477.0355079873053,500.6968542101,36.117989543313854,583,612,356796,0.2110645859258512,191.6025915876835,332.8724243877193,0.08143083687793981,174640,3.1028284553259714e-05,16,256,78,0.3046875,0.07181835174560547,0.07181835174560547,0.1301889091145657,0.4453125,0.37349414825439453,6.200539126508824,5.200539126508824,1.8127526732404007,5.200539126508824,4.148968392656795,0.7482120156113765,0.9523171177380136,0.016742469743516484,5,6,10.0,11.32776501520443,10.0,100000.0,364.3644616456927,1.3278978049849284e-05,1109.0,1.1618061216570141,0.0004957200985927946,0.0041015625,0.003043937683105469,-0.03691978285167128,-0.03691978285167128,0.00390625,0.0025759838217674024,-0.00027658291296549025,-0.019030302550857046,-0.03691978285167128,-6.438963619180295e-07,0.0010464072966567678,2760,75307,6.927772,24.394501,3.521262102736637,17.466729,15.6611365
120dia.txt,120,2880,2880,1024,1048576,85393,85393,164.86793536310338,476.14922768845224,497.207850760601,38.13059969242741,609,617,375753,0.2272583319361389,199.37499479031362,329.8555753378256,0.06037216138148854,196666,2.7744286840717388e-05,16,256,86,0.3359375,0.0814371109008789,0.0814371109008789,0.13796691525886623,0.410888671875,0.3294515609741211,5.045472111297179,4.045472111297179,1.6941528712480052,4.045472111297179,4.248932369574707,0.7662392073322527,0.9538843936009272,0.015117788871710393,7,5,10.0,11.170939069947185,10.0,100000.0,342.170756356696,1.1710561755647419e-05,2017.2,2.008469537663558,0.003238749202057539,-0.006884765625,-0.008808517456054687,-0.23101340304232904,-0.23101340304232904,0.00625,0.003605438344175238,-0.0003249361743612181,-0.023719960398479102,-0.23101340304232904,-6.567995425084652e-07,-0.004211735099290253,2880,85393,7.980951,26.000509,3.25782090379956,18.019558,16.99073
125dia.txt,125,3000,3000,1024,1048576,94513,94513,173.44861565572845,475.6557193190355,497.7981864928634,38.373847225944345,632,649,410168,0.23042509410778023,208.0071846084426,343.19749670954064,0.03858107792054596,215204,2.564488370878342e-05,16,256,95,0.37109375,0.0901346206665039,0.0901346206665039,0.14422330044150217,0.454345703125,0.3642110824584961,5.040745717520341,4.040745717520341,1.600087728500297,4.040745717520341,4.327998227031874,0.7804976973893889,0.9503986010282158,0.013907346636317344,10,7,10.0,11.057949700041265,10.0,100000.0,325.24340308384143,1.0580555055918234e-05,1824.0,1.7161360585250123,0.000633352434328266,0.00869140625,0.006951904296875,-0.0009452787553675179,-0.0009452787553675179,0.00703125,0.0028516980114272395,-0.00024208844707860992,-0.018813028549541633,-0.0009452787553675179,-4.198806263867935e-07,-0.004358216692188517,3000,94513,9.284208,31.316034,3.373043128719219,22.031826,20.300121
130dia.txt,130,3120,3120,1024,1048576,102517,102517,180.64377819870705,477.56508676609735,501.8799418633007,35.27213992297569,650,681,442650,0.23159832825031063,216.81781291899392,354.1710781201813,0.03721151290180703,233834,2.3560821830605394e-05,16,256,101,0.39453125,0.09776782989501953,0.09776782989501953,0.1490644837200848,0.417724609375,0.31995677947998047,4.272618199908308,3.2726181999083077,1.5246782492783795,3.2726181999083077,4.4005919151252995,0.793589016615917,0.9535161430924473,0.012986889702431973,8,4,10.0,10.975350429684832,10.0,100000.0,312.28886972757414,9.75447974482281e-06,1600.8,1.4390325085957216,0.00023464682850607988,-0.00732421875,-0.008850860595703124,-0.15362550352240661,-0.1536255035224067,0.0046875,0.002618263845305613,-0.00018409138677707402,-0.015081895844383509,-0.1536255035224067,-4.1681237563560524e-07,-0.000273913003747786,3120,102517,9.848269,30.872325,3.1347970897220616,21.024056,20.360297
135dia.txt,135,3240,3240,1024,1048576,114711,114711,191.08543993205976,482.35243350681276,502.961764782802,30.37239030927549,701,726,508926,0.2253981914855991,227.97133341064588,381.4022899904984,0.016856750756830734,256514,2.1907498156669275e-05,16,256,108,0.421875,0.10939693450927734,0.10939693450927734,0.1555878144761997,0.4560546875,0.34665775299072266,4.16880682759282,3.16880682759282,1.4222319407222985,3.16880682759282,4.493272517064055,0.8103027472163727,0.9596639434268563,0.011807592551604358,4,10,10.0,10.871668802468813,10.0,100000.0,295.2243278463943,8.717559780666195e-06,2438.8,2.0883323466705406,-0.0012400273529423079,0.007666015625,0.005340194702148438,-0.02076227446309762,-0.02076227446309753,0.00546875,0.0033427461200911555,-0.00023585943016552307,-0.02048926171121619,-0.02076227446309753,-3.306647347872239e-07,-0.004070952428995259,3240,114711,11.250438,38.39091,3.4123924775195413,27.140471999999995,24.820674
140dia.txt,140,3360,3360,1024,1048576,124588,124588,199.14214044211263,477.20677753876777,498.43696022088807,36.69697691971675,725,760,551000,0.2261125226860254,237.58443330179566,405.08868475170317,0.010737107590721547,282220,1.9656695186095304e-05,16,256,116,0.453125,0.11881637573242188,0.11881637573242188,0.1580754020869632,0.443603515625,0.3247871398925781,3.7335216874819404,2.7335216874819404,1.3304176390883513,2.7335216874819404,4.5761342521156765,0.8252457739961765,0.9626690707746125,0.010820355837489932,3,6,10.0,10.802565255080745,10.0,100000.0,283.28052482395464,8.026455196327094e-06,1975.4,1.6113401020105755,0.00014286624008526537,-0.002490234375,-0.004374122619628907,-0.08705702802217594,-0.08705702802217594,0.00625,0.0029886053559607497,-0.00019744734282288527,-0.018362860326789444,-0.08705702802217594,-4.501605941147942e-07,-0.0012239286332218374,3360,124588,12.709758,40.382452,3.1772793785688127,27.672694,26.546105
145dia.txt,145,3480,3480,1024,1048576,132494,132494,205.36345843415074,481.0374432049753,500.1317946473048,32.5146652978491,770,793,610610,0.21698629239612846,248.4001908937246,422.100855174698,0.02512988772231551,299740,1.8531760111214113e-05,16,256,126,0.4921875,0.1263561248779297,0.1263561248779297,0.15809036082736322,0.444091796875,0.3177356719970703,3.5146044349178074,2.5146044349178074,1.2511491704900841,2.5146044349178074,4.65356712496258,0.8392097767034281,0.9622199893421698,0.010020993151632913,6,7,10.0,10.754675683427173,10.0,100000.0,274.6988388226205,7.5475115854302836e-06,1581.2,1.2442635984076218,-0.0018252460579793906,9.765625e-05,-0.0014102935791015625,-0.043783450512826595,-0.043783450512826595,0.0078125,0.0027928005414503245,-0.0001598725371714037,-0.01585369371965344,-0.043783450512826595,-2.2498701497623824e-07,0.0028785560263187926,3480,132494,13.479931,39.263129,2.912709938945533,25.783198,26.37153
150dia.txt,150,3600,3600,1024,1048576,143972,143972,214.07407814504938,481.8080876837163,495.26166893562635,33.84217860531563,804,812,652848,0.22052912776021372,257.21302576510095,432.08763694995343,0.021543149709272767,326606,1.6960536434371855e-05,16,256,135,0.52734375,0.13730239868164062,0.13730239868164062,0.16200126563173298,0.4482421875,0.3109397888183594,3.2646347900980746,2.2646347900980746,1.179886638450949,2.2646347900980746,4.719405346373898,0.8510828361448104,0.9621082527564944,0.009344267498418282,8,3,10.0,10.694510043619593,10.0,100000.0,263.5214923252416,6.945795015697497e-06,2295.6,1.742123942179728,0.0007085670728170512,0.000830078125,-0.0013591766357421875,-0.04999392896394657,-0.04999392896394657,0.00703125,0.0023746118882764567,-0.00013534513064292626,-0.014252506407827025,-0.04999392896394657,-3.1424473536845167e-07,-0.0007173476026085486,3600,143972,15.217938,49.91722,3.280156615173488,34.699282,32.567579
