day,iteration_end_of_day,tumor_cells,crm_ms,frm_ms,frm_crm_ratio,kernel_delta_ms,kernel_mean_ms
1,24,30,0.650653,0.931259,1.4312682797128422,0.2806059999999999,0.790956
2,48,52,0.685724,0.908891,1.3254472644970863,0.223167,0.7973075000000001
3,72,60,0.762204,1.019482,1.3375448042781197,0.257278,0.890843
4,96,149,0.651709,1.094778,1.6798571141414345,0.44306900000000005,0.8732435000000001
5,120,202,0.807324,1.056059,1.3080981117865937,0.24873500000000004,0.9316915000000001
6,144,217,0.866972,1.321945,1.524783960727682,0.45497299999999996,1.0944585
7,168,187,0.883452,1.142746,1.2935009485518172,0.259294,1.013099
8,192,252,0.892891,1.599895,1.7918144543958894,0.7070040000000001,1.246393
9,216,226,1.115451,1.312474,1.1766307977670019,0.19702299999999995,1.2139625
10,240,417,0.827068,1.624504,1.964172232512925,0.7974359999999999,1.225786
11,264,349,0.644989,1.12105,1.7380916573771026,0.47606100000000007,0.8830195000000001
12,288,348,0.82758,1.453241,1.756012711762005,0.625661,1.1404105
13,312,368,0.968443,1.394073,1.4394992787391718,0.42562999999999984,1.181258
14,336,526,0.818236,1.60476,1.9612434554333957,0.786524,1.211498
15,360,603,1.090266,2.325844,2.133281235955262,1.235578,1.7080549999999999
16,384,600,1.016091,1.722007,1.6947369871399314,0.705916,1.369049
17,408,755,0.874588,2.661139,3.0427344075153098,1.7865509999999998,1.7678635
18,432,847,0.791548,1.719799,2.1727033610090607,0.928251,1.2556735
19,456,963,0.768444,1.86575,2.427958315765365,1.0973060000000001,1.317097
20,480,1210,0.909243,1.645431,1.809671341984486,0.7361880000000001,1.2773370000000002
21,504,1400,1.050906,2.296724,2.185470441695071,1.2458180000000003,1.673815
22,528,1428,1.097178,2.662354,2.4265470142492833,1.5651760000000001,1.879766
23,552,1519,1.074394,2.300373,2.141088837056052,1.225979,1.6873835000000001
24,576,1509,1.205945,1.984661,1.645730941295001,0.778716,1.595303
25,600,1679,0.847868,2.109621,2.488147919251582,1.2617530000000001,1.4787445000000001
26,624,1999,1.14553,3.451439,3.01296255881557,2.305909,2.2984845
27,648,2471,1.046299,2.277908,2.1771099848131366,1.231609,1.6621035000000002
28,672,2571,1.213594,2.676818,2.205694820508341,1.4632239999999999,1.945206
29,696,2935,1.168762,2.96488,2.536769675947712,1.7961179999999999,2.066821
30,720,3314,1.191514,3.706222,3.110514857567767,2.5147079999999997,2.448868
31,744,3687,1.321497,3.654094,2.765117136096412,2.3325970000000003,2.4877955
32,768,4019,1.291706,3.779949,2.9263230177764905,2.4882429999999998,2.5358275
33,792,3946,1.307002,3.286511,2.514541676294298,1.979509,2.2967565
34,816,4168,1.343737,3.689037,2.745356420192344,2.3453,2.516387
35,840,4967,1.346041,3.787693,2.813950689466368,2.441652,2.5668670000000002
36,864,5467,1.292825,3.841516,2.9714122174308204,2.548691,2.5671705
37,888,5853,1.424217,4.671625,3.280135681570996,3.2474079999999996,3.0479209999999997
38,912,6272,1.378521,3.622381,2.6277300091910094,2.2438599999999997,2.500451
39,936,6634,1.316089,5.511364,4.187683355760894,4.1952750000000005,3.4137265
40,960,7268,1.294073,4.73956,3.6625136294474885,3.445487,3.0168165
41,984,7803,1.423545,5.480677,3.8500201960598366,4.057132,3.452111
42,1008,7709,1.415833,4.518025,3.1910719696461376,3.1021919999999996,2.966929
43,1032,8471,1.565335,5.161862,3.2976084991391623,3.596527,3.3635985
44,1056,8686,1.53996,5.099111,3.311197044079067,3.559151,3.3195354999999998
45,1080,9838,1.603512,5.60522,3.495589680650971,4.001708,3.604366
46,1104,10097,1.730519,6.075426,3.5107537103030944,4.344907,3.9029725
47,1128,10505,1.482233,5.844034,3.9427229052382455,4.361801,3.6631335
48,1152,11098,1.633495,5.323268,3.258821116685389,3.6897729999999997,3.4783815
49,1176,10963,1.713079,5.315781,3.1030565432183805,3.6027020000000003,3.51443
50,1200,11640,1.710584,5.93565,3.469955290123139,4.225066,3.823117
51,1224,12093,1.760055,5.307045,3.015272250014914,3.5469899999999996,3.53355
52,1248,11894,1.742839,5.938306,3.407260223118716,4.195467,3.8405725
53,1272,12843,1.719734,5.750627,3.3439049294832803,4.030893,3.7351805
54,1296,13277,1.765174,5.726467,3.244137405150994,3.9612930000000004,3.7458205
55,1320,13953,1.764439,6.481567,3.673443513774066,4.717128,4.123003
56,1344,14491,1.839702,6.998365,3.804075333939953,5.158663,4.419033499999999
57,1368,15119,1.699703,8.195286,4.821598832266578,6.495583,4.9474944999999995
58,1392,15566,1.751223,6.872285,3.924277490645109,5.121062,4.311754
59,1416,15710,1.877398,7.122172,3.793639920783979,5.244774,4.499785
60,1440,16858,2.108214,7.881081,3.7382737236352668,5.772867,4.9946475
61,1464,17449,1.95807,7.076828,3.6141853968448525,5.118758,4.517449
62,1488,18098,2.164501,9.066834,4.188879561617204,6.9023330000000005,5.6156675
63,1512,18922,2.058357,7.84844,3.8129634460883124,5.790083,4.9533985000000005
64,1536,19352,2.021558,7.948824,3.9320286630410797,5.9272659999999995,4.985191
65,1560,18921,2.117141,8.052056,3.8032686533395745,5.934915,5.0845985
66,1584,20329,2.131701,8.354326,3.9190890279640533,6.222625000000001,5.2430135
67,1608,20853,2.085397,8.15711,3.9115381867337486,6.071712999999999,5.1212535
68,1632,21358,2.212149,8.779316,3.96868203724071,6.5671669999999995,5.4957325
69,1656,22325,2.26562,7.931,3.5005870357782856,5.66538,5.09831
70,1680,23528,2.335284,9.210897,3.944229909509935,6.8756129999999995,5.7730904999999995
71,1704,25710,2.447731,10.899145,4.452754408061997,8.451414,6.673438000000001
72,1728,25967,2.605234,8.39887,3.2238447678788167,5.793636000000001,5.502052
73,1752,27039,2.720978,10.309388,3.788853860633934,7.58841,6.515183
74,1776,27832,2.681362,12.009764,4.478978966659481,9.328402,7.345563
75,1800,29077,2.616179,11.380935,4.350212657467245,8.764755999999998,6.998557
76,1824,29233,2.615378,9.900078,3.785333515843599,7.284700000000001,6.257728
77,1848,31302,2.751314,12.487009,4.538561938041242,9.735695,7.619161500000001
78,1872,32214,2.742226,11.626373,4.239757408762078,8.884146999999999,7.1842995
79,1896,33323,2.837074,13.354941,4.70729385275111,10.517867,8.0960075
80,1920,35749,3.166863,14.510359,4.581934551636746,11.343495999999998,8.838611
81,1944,36003,3.178735,16.846699,5.299812346735416,13.667964000000001,10.012717
82,1968,37389,3.284527,13.936889,4.243195138904323,10.652362,8.610708
83,1992,38744,3.39899,14.823765,4.3612264231433455,11.424775,9.1113775
84,2016,39475,3.512558,15.236339,4.337676132322939,11.723780999999999,9.3744485
85,2040,40095,3.490669,16.020463,4.589510778592872,12.529793999999999,9.755566
86,2064,40274,3.45179,15.082324,4.369421082974341,11.630534,9.267057
87,2088,42153,3.805068,16.379789,4.304729639522868,12.574720999999998,10.092428499999999
88,2112,43293,3.667437,14.464599,3.9440620247873377,10.797162,9.066018
89,2136,44273,3.798797,13.929082,3.6667086975166083,10.130284999999999,8.863939499999999
90,2160,45736,3.828524,15.535121,4.057731125624392,11.706597,9.681822499999999
91,2184,47488,4.047947,16.521004,4.081329128074059,12.473057,10.284475500000001
92,2208,49406,4.413289,19.01872,4.309420933004841,14.605431,11.716004499999999
93,2232,50391,4.306538,18.901057,4.388921449201192,14.594519000000002,11.6037975
94,2256,50669,4.249546,18.997856,4.470561325845161,14.74831,11.623700999999999
95,2280,51323,4.641225,19.570654,4.216700116887244,14.929429,12.105939500000002
96,2304,53919,4.579081,20.477048,4.471868481907177,15.897967,12.5280645
97,2328,54826,4.770119,22.147248,4.642913101329338,17.377129,13.458683500000001
98,2352,55748,5.026151,19.349791,3.849822856495955,14.323640000000001,12.187971
99,2376,56160,4.76132,18.531235,3.892037292179479,13.769914999999997,11.6462775
100,2400,56537,4.908743,19.345919,3.9411146601074853,14.437175999999997,12.127331
101,2424,58139,4.939014,19.148416,3.8769713955052567,14.209402,12.043715
102,2448,59701,5.294469,20.904726,3.9484084239609296,15.610257,13.0995975
103,2472,61119,5.502276,23.738632,4.31432956107618,18.236356,14.620453999999999
104,2496,62085,5.358916,21.209429,3.9577834397852105,15.850513,13.2841725
105,2520,63121,5.254757,19.271518,3.667442281346217,14.016761,12.2631375
106,2544,63781,5.398212,19.188448,3.5545932616207,13.790236,12.293330000000001
107,2568,65339,5.676835,23.399722,4.121966201237133,17.722887,14.5382785
108,2592,67065,5.740227,23.378378,4.072727089015818,17.638151,14.559302500000001
109,2616,67675,5.847842,25.522944,4.364506428183251,19.675102,15.685393
110,2640,69762,6.175648,25.557503,4.13843259849007,19.381855,15.8665755
111,2664,71292,6.223456,24.805347,3.9857833011111516,18.581891000000002,15.5144015
112,2688,74432,6.828221,25.013634,3.663272468773345,18.185413,15.9209275
113,2712,76444,6.813053,25.862877,3.796077470702195,19.049824,16.337965
114,2736,76012,6.613182,25.791485,3.9000113712279507,19.178303,16.2023335
115,2760,75307,6.927772,24.394501,3.5212621027366375,17.466729,15.661136500000001
116,2784,76421,6.90438,23.719304,3.435399557961758,16.814924,15.311842
117,2808,79797,7.205819,25.092065,3.482194737336589,17.886246,16.148942
118,2832,82242,7.770424,25.067617,3.2260294933712754,17.297193,16.4190205
119,2856,83789,7.555001,26.254779,3.4751522865450317,18.699778,16.904889999999998
120,2880,85393,7.980951,26.000509,3.25782090379956,18.019558,16.99073
121,2904,85382,7.63609,29.672074,3.8857679781144534,22.035984,18.654082
122,2928,87859,7.977752,33.397847,4.186373178810271,25.420095,20.6877995
123,2952,91357,8.732947,30.258248,3.464838158298682,21.525301,19.4955975
124,2976,93002,9.126225,29.696682,3.25399406654997,20.570456999999998,19.4114535
125,3000,94513,9.284208,31.316034,3.373043128719219,22.031826,20.300120999999997
126,3024,96036,9.260784,30.698789,3.314923336944259,21.438005000000004,19.9797865
127,3048,97159,9.397263,30.999235,3.29875145561,21.601971999999996,20.198249
128,3072,99784,9.837102,32.210269,3.274365661756887,22.373166999999995,21.0236855
129,3096,101126,10.029228,30.382662,3.029411835088404,20.353434,20.205945
130,3120,102517,9.848269,30.872325,3.1347970897220616,21.024056,20.360297
131,3144,105789,10.336939,33.1022,3.2023213061429505,22.765261000000002,21.719569500000002
132,3168,104738,10.032172,32.04835,3.194557469708454,22.016178,21.040261
133,3192,107716,10.497898,32.356348,3.082173974256561,21.858449999999998,21.427122999999998
134,3216,110296,10.771464,33.46319,3.1066519834258366,22.691725999999996,22.117327
135,3240,114711,11.250438,38.39091,3.4123924775195413,27.140471999999995,24.820674
136,3264,116872,12.089826,35.485676,2.935168463135863,23.395849999999996,23.787751
137,3288,119176,12.308129,37.251652,3.0265893378270574,24.943523,24.7798905
138,3312,119880,12.371488,38.66726,3.1255140852903063,26.295772,25.519374
139,3336,122080,12.787166,37.88144,2.962457826855458,25.094274,25.334303
140,3360,124588,12.709758,40.382452,3.1772793785688127,27.672694,26.546105
141,3384,127559,13.357115,43.196134,3.2339419103601337,29.839019,28.2766245
142,3408,129483,13.66793,39.691223,2.9039673893559597,26.023293000000002,26.6795765
143,3432,130103,13.370107,38.524157,2.881364898575606,25.15405,25.947132000000003
144,3456,129820,13.454843,42.31137,3.14469444199386,28.856526999999996,27.883106499999997
145,3480,132494,13.479931,39.263129,2.912709938945533,25.783198,26.37153
146,3504,134436,13.788121,38.706205,2.8072139053609986,24.918083999999997,26.247163
147,3528,135715,14.215544,44.492096,3.129820146172387,30.276551999999995,29.35382
148,3552,138504,14.610997,40.856978,2.7963169111594506,26.245981,27.733987499999998
149,3576,140698,14.742805,44.685758,3.031021437236672,29.942953,29.7142815
150,3600,143972,15.217938,49.91722,3.280156615173488,34.699282,32.567579
