horizon_iterations,model,R2_mean,R2_std,MAE_mean,MAE_std,RMSE_mean,RMSE_std
20,N,-2.600617861373559,6.380478311337966,0.8033904547322862,0.7731387171323937,0.8904066696273849,0.8057098732065979
20,N+H,-1.1200481056551108,3.411631985636268,0.6989299247972041,0.5532819224340628,0.7823828601106678,0.585423143526565
20,Spatial,-5.269866991923274,12.565106660445956,0.7540892920381232,0.4520700284663968,0.8601452448300803,0.4851362320369606
50,N,-2.47443099110317,6.019712818690745,0.8050722400908634,0.7945268685956957,0.8956768414909796,0.8272028647133554
50,N+H,-4.622864970441978,11.303641955398962,0.7662623262063228,0.5850271870386548,0.8694148727349533,0.6210564055054111
50,Spatial,-7.9037791026981505,18.075036445457602,0.8373772635390214,0.5020846489472744,0.9619504059721091,0.5383121008155929
120,N,-3.1930428229992827,7.303359664526734,0.8343254667854808,0.8042764591557395,0.9267452232337705,0.8348426822721738
120,N+H,-1.6774080255294763,4.6051765893524435,0.7306513677788802,0.6307480363117594,0.8230865460366843,0.6609771155941072
120,Spatial,-1.081648240573157,2.526277663964519,0.755682423184587,0.56624044016387,0.8486747250381306,0.5858820212724871
