iteration,day,step,tumor_cells
1,1,1,2
2,1,2,4
3,1,3,4
4,1,4,7
5,1,5,7
6,1,6,7
7,1,7,6
8,1,8,11
9,1,9,9
10,1,10,16
11,1,11,14
12,1,12,17
13,1,13,18
14,1,14,20
15,1,15,21
16,1,16,21
17,1,17,18
18,1,18,17
19,1,19,17
20,1,20,26
21,1,21,28
22,1,22,41
23,1,23,33
24,1,24,30
25,2,1,30
26,2,2,34
27,2,3,32
28,2,4,34
29,2,5,38
30,2,6,39
31,2,7,42
32,2,8,50
33,2,9,47
34,2,10,49
35,2,11,42
36,2,12,41
37,2,13,42
38,2,14,41
39,2,15,43
40,2,16,51
41,2,17,42
42,2,18,43
43,2,19,43
44,2,20,48
45,2,21,52
46,2,22,49
47,2,23,46
48,2,24,52
49,3,1,51
50,3,2,50
51,3,3,60
52,3,4,65
53,3,5,57
54,3,6,56
55,3,7,56
56,3,8,69
57,3,9,86
58,3,10,84
59,3,11,73
60,3,12,71
61,3,13,75
62,3,14,70
63,3,15,69
64,3,16,61
65,3,17,68
66,3,18,62
67,3,19,54
68,3,20,61
69,3,21,69
70,3,22,62
71,3,23,65
72,3,24,60
73,4,1,59
74,4,2,58
75,4,3,67
76,4,4,72
77,4,5,71
78,4,6,76
79,4,7,63
80,4,8,68
81,4,9,73
82,4,10,68
83,4,11,74
84,4,12,71
85,4,13,85
86,4,14,105
87,4,15,118
88,4,16,122
89,4,17,123
90,4,18,111
91,4,19,111
92,4,20,112
93,4,21,123
94,4,22,135
95,4,23,137
96,4,24,149
97,5,1,143
98,5,2,136
99,5,3,138
100,5,4,139
101,5,5,135
102,5,6,129
103,5,7,125
104,5,8,130
105,5,9,135
106,5,10,133
107,5,11,139
108,5,12,132
109,5,13,140
110,5,14,145
111,5,15,148
112,5,16,157
113,5,17,160
114,5,18,176
115,5,19,178
116,5,20,191
117,5,21,191
118,5,22,205
119,5,23,198
120,5,24,202
121,6,1,200
122,6,2,195
123,6,3,199
124,6,4,204
125,6,5,195
126,6,6,209
127,6,7,216
128,6,8,209
129,6,9,212
130,6,10,214
131,6,11,210
132,6,12,204
133,6,13,195
134,6,14,200
135,6,15,201
136,6,16,193
137,6,17,198
138,6,18,209
139,6,19,212
140,6,20,227
141,6,21,224
142,6,22,240
143,6,23,237
144,6,24,217
145,7,1,222
146,7,2,215
147,7,3,207
148,7,4,210
149,7,5,196
150,7,6,182
151,7,7,189
152,7,8,179
153,7,9,185
154,7,10,179
155,7,11,191
156,7,12,188
157,7,13,177
158,7,14,181
159,7,15,180
160,7,16,155
161,7,17,160
162,7,18,153
163,7,19,154
164,7,20,164
165,7,21,172
166,7,22,166
167,7,23,190
168,7,24,187
169,8,1,194
170,8,2,220
171,8,3,222
172,8,4,231
173,8,5,242
174,8,6,238
175,8,7,243
176,8,8,245
177,8,9,240
178,8,10,263
179,8,11,280
180,8,12,288
181,8,13,283
182,8,14,290
183,8,15,293
184,8,16,302
185,8,17,304
186,8,18,302
187,8,19,287
188,8,20,304
189,8,21,309
190,8,22,300
191,8,23,278
192,8,24,252
193,9,1,245
194,9,2,244
195,9,3,219
196,9,4,219
197,9,5,207
198,9,6,201
199,9,7,189
200,9,8,203
201,9,9,227
202,9,10,228
203,9,11,248
204,9,12,250
205,9,13,259
206,9,14,261
207,9,15,270
208,9,16,270
209,9,17,250
210,9,18,277
211,9,19,268
212,9,20,257
213,9,21,256
214,9,22,262
215,9,23,251
216,9,24,226
217,10,1,225
218,10,2,224
219,10,3,245
220,10,4,236
221,10,5,245
222,10,6,256
223,10,7,274
224,10,8,267
225,10,9,277
226,10,10,287
227,10,11,291
228,10,12,290
229,10,13,321
230,10,14,326
231,10,15,323
232,10,16,315
233,10,17,338
234,10,18,346
235,10,19,350
236,10,20,382
237,10,21,383
238,10,22,416
239,10,23,407
240,10,24,417
241,11,1,413
242,11,2,379
243,11,3,385
244,11,4,388
245,11,5,383
246,11,6,391
247,11,7,392
248,11,8,395
249,11,9,387
250,11,10,402
251,11,11,413
252,11,12,416
253,11,13,402
254,11,14,402
255,11,15,384
256,11,16,371
257,11,17,342
258,11,18,333
259,11,19,327
260,11,20,347
261,11,21,355
262,11,22,348
263,11,23,347
264,11,24,349
265,12,1,348
266,12,2,340
267,12,3,322
268,12,4,328
269,12,5,314
270,12,6,325
271,12,7,330
272,12,8,353
273,12,9,354
274,12,10,367
275,12,11,361
276,12,12,354
277,12,13,335
278,12,14,351
279,12,15,338
280,12,16,370
281,12,17,356
282,12,18,341
283,12,19,344
284,12,20,353
285,12,21,358
286,12,22,379
287,12,23,381
288,12,24,348
289,13,1,362
290,13,2,359
291,13,3,374
292,13,4,364
293,13,5,357
294,13,6,375
295,13,7,378
296,13,8,368
297,13,9,375
298,13,10,398
299,13,11,421
300,13,12,419
301,13,13,413
302,13,14,385
303,13,15,378
304,13,16,380
305,13,17,372
306,13,18,373
307,13,19,383
308,13,20,389
309,13,21,370
310,13,22,376
311,13,23,362
312,13,24,368
313,14,1,343
314,14,2,359
315,14,3,372
316,14,4,387
317,14,5,412
318,14,6,435
319,14,7,432
320,14,8,437
321,14,9,456
322,14,10,482
323,14,11,505
324,14,12,492
325,14,13,495
326,14,14,520
327,14,15,525
328,14,16,512
329,14,17,504
330,14,18,499
331,14,19,500
332,14,20,508
333,14,21,511
334,14,22,524
335,14,23,512
336,14,24,526
337,15,1,537
338,15,2,533
339,15,3,548
340,15,4,565
341,15,5,576
342,15,6,574
343,15,7,559
344,15,8,560
345,15,9,575
346,15,10,579
347,15,11,592
348,15,12,610
349,15,13,624
350,15,14,610
351,15,15,585
352,15,16,577
353,15,17,577
354,15,18,593
355,15,19,630
356,15,20,625
357,15,21,624
358,15,22,623
359,15,23,606
360,15,24,603
361,16,1,590
362,16,2,570
363,16,3,582
364,16,4,615
365,16,5,608
366,16,6,624
367,16,7,640
368,16,8,636
369,16,9,612
370,16,10,611
371,16,11,619
372,16,12,643
373,16,13,641
374,16,14,624
375,16,15,615
376,16,16,596
377,16,17,596
378,16,18,601
379,16,19,614
380,16,20,602
381,16,21,599
382,16,22,588
383,16,23,599
384,16,24,600
385,17,1,639
386,17,2,644
387,17,3,656
388,17,4,654
389,17,5,642
390,17,6,641
391,17,7,642
392,17,8,629
393,17,9,643
394,17,10,640
395,17,11,666
396,17,12,673
397,17,13,709
398,17,14,711
399,17,15,714
400,17,16,744
401,17,17,716
402,17,18,726
403,17,19,719
404,17,20,722
405,17,21,744
406,17,22,758
407,17,23,776
408,17,24,755
409,18,1,776
410,18,2,786
411,18,3,818
412,18,4,791
413,18,5,807
414,18,6,795
415,18,7,782
416,18,8,796
417,18,9,761
418,18,10,751
419,18,11,740
420,18,12,775
421,18,13,780
422,18,14,790
423,18,15,829
424,18,16,833
425,18,17,875
426,18,18,847
427,18,19,809
428,18,20,844
429,18,21,843
430,18,22,846
431,18,23,885
432,18,24,847
433,19,1,859
434,19,2,858
435,19,3,873
436,19,4,844
437,19,5,884
438,19,6,853
439,19,7,847
440,19,8,890
441,19,9,904
442,19,10,912
443,19,11,933
444,19,12,952
445,19,13,967
446,19,14,999
447,19,15,1007
448,19,16,980
449,19,17,994
450,19,18,1011
451,19,19,1027
452,19,20,1049
453,19,21,1005
454,19,22,988
455,19,23,1006
456,19,24,963
457,20,1,926
458,20,2,967
459,20,3,968
460,20,4,997
461,20,5,982
462,20,6,963
463,20,7,927
464,20,8,919
465,20,9,937
466,20,10,952
467,20,11,984
468,20,12,998
469,20,13,1015
470,20,14,1018
471,20,15,1030
472,20,16,1069
473,20,17,1049
474,20,18,1060
475,20,19,1108
476,20,20,1119
477,20,21,1120
478,20,22,1113
479,20,23,1137
480,20,24,1210
481,21,1,1215
482,21,2,1250
483,21,3,1262
484,21,4,1260
485,21,5,1239
486,21,6,1257
487,21,7,1287
488,21,8,1299
489,21,9,1302
490,21,10,1312
491,21,11,1324
492,21,12,1339
493,21,13,1330
494,21,14,1336
495,21,15,1363
496,21,16,1330
497,21,17,1337
498,21,18,1363
499,21,19,1381
500,21,20,1338
501,21,21,1339
502,21,22,1335
503,21,23,1374
504,21,24,1400
505,22,1,1423
506,22,2,1374
507,22,3,1369
508,22,4,1340
509,22,5,1356
510,22,6,1389
511,22,7,1413
512,22,8,1379
513,22,9,1392
514,22,10,1375
515,22,11,1353
516,22,12,1362
517,22,13,1367
518,22,14,1351
519,22,15,1343
520,22,16,1341
521,22,17,1358
522,22,18,1380
523,22,19,1368
524,22,20,1363
525,22,21,1377
526,22,22,1375
527,22,23,1398
528,22,24,1428
529,23,1,1423
530,23,2,1427
531,23,3,1453
532,23,4,1433
533,23,5,1423
534,23,6,1385
535,23,7,1403
536,23,8,1404
537,23,9,1391
538,23,10,1419
539,23,11,1410
540,23,12,1435
541,23,13,1395
542,23,14,1443
543,23,15,1420
544,23,16,1475
545,23,17,1497
546,23,18,1498
547,23,19,1520
548,23,20,1544
549,23,21,1515
550,23,22,1519
551,23,23,1551
552,23,24,1519
553,24,1,1532
554,24,2,1517
555,24,3,1535
556,24,4,1550
557,24,5,1527
558,24,6,1508
559,24,7,1493
560,24,8,1463
561,24,9,1461
562,24,10,1424
563,24,11,1447
564,24,12,1441
565,24,13,1479
566,24,14,1533
567,24,15,1502
568,24,16,1476
569,24,17,1457
570,24,18,1411
571,24,19,1479
572,24,20,1499
573,24,21,1482
574,24,22,1434
575,24,23,1492
576,24,24,1509
577,25,1,1497
578,25,2,1488
579,25,3,1447
580,25,4,1495
581,25,5,1533
582,25,6,1556
583,25,7,1582
584,25,8,1535
585,25,9,1571
586,25,10,1590
587,25,11,1581
588,25,12,1597
589,25,13,1570
590,25,14,1556
591,25,15,1517
592,25,16,1543
593,25,17,1565
594,25,18,1605
595,25,19,1612
596,25,20,1636
597,25,21,1620
598,25,22,1623
599,25,23,1657
600,25,24,1679
601,26,1,1691
602,26,2,1676
603,26,3,1666
604,26,4,1733
605,26,5,1814
606,26,6,1839
607,26,7,1851
608,26,8,1854
609,26,9,1871
610,26,10,1854
611,26,11,1839
612,26,12,1886
613,26,13,1912
614,26,14,1896
615,26,15,1925
616,26,16,1905
617,26,17,1940
618,26,18,1974
619,26,19,2001
620,26,20,1980
621,26,21,2005
622,26,22,2003
623,26,23,2016
624,26,24,1999
625,27,1,2034
626,27,2,2070
627,27,3,2075
628,27,4,2054
629,27,5,2086
630,27,6,2074
631,27,7,2162
632,27,8,2198
633,27,9,2188
634,27,10,2201
635,27,11,2249
636,27,12,2296
637,27,13,2303
638,27,14,2285
639,27,15,2309
640,27,16,2303
641,27,17,2302
642,27,18,2387
643,27,19,2374
644,27,20,2423
645,27,21,2464
646,27,22,2496
647,27,23,2517
648,27,24,2471
649,28,1,2584
650,28,2,2571
651,28,3,2583
652,28,4,2601
653,28,5,2611
654,28,6,2586
655,28,7,2557
656,28,8,2473
657,28,9,2463
658,28,10,2482
659,28,11,2520
660,28,12,2542
661,28,13,2532
662,28,14,2515
663,28,15,2513
664,28,16,2537
665,28,17,2497
666,28,18,2487
667,28,19,2519
668,28,20,2510
669,28,21,2526
670,28,22,2502
671,28,23,2557
672,28,24,2571
673,29,1,2586
674,29,2,2543
675,29,3,2530
676,29,4,2506
677,29,5,2524
678,29,6,2506
679,29,7,2496
680,29,8,2498
681,29,9,2535
682,29,10,2562
683,29,11,2586
684,29,12,2656
685,29,13,2708
686,29,14,2707
687,29,15,2757
688,29,16,2760
689,29,17,2836
690,29,18,2792
691,29,19,2782
692,29,20,2778
693,29,21,2768
694,29,22,2869
695,29,23,2870
696,29,24,2935
697,30,1,2931
698,30,2,2947
699,30,3,2936
700,30,4,2987
701,30,5,3002
702,30,6,2981
703,30,7,2978
704,30,8,3060
705,30,9,3037
706,30,10,3040
707,30,11,3088
708,30,12,3102
709,30,13,3124
710,30,14,3149
711,30,15,3255
712,30,16,3249
713,30,17,3284
714,30,18,3331
715,30,19,3364
716,30,20,3356
717,30,21,3371
718,30,22,3340
719,30,23,3355
720,30,24,3314
721,31,1,3345
722,31,2,3352
723,31,3,3368
724,31,4,3330
725,31,5,3323
726,31,6,3379
727,31,7,3429
728,31,8,3534
729,31,9,3464
730,31,10,3523
731,31,11,3610
732,31,12,3579
733,31,13,3618
734,31,14,3642
735,31,15,3526
736,31,16,3468
737,31,17,3487
738,31,18,3476
739,31,19,3540
740,31,20,3582
741,31,21,3550
742,31,22,3563
743,31,23,3546
744,31,24,3687
745,32,1,3732
746,32,2,3784
747,32,3,3834
748,32,4,3897
749,32,5,3981
750,32,6,3992
751,32,7,4071
752,32,8,4089
753,32,9,4086
754,32,10,4050
755,32,11,4043
756,32,12,4030
757,32,13,3984
758,32,14,3936
759,32,15,4003
760,32,16,4006
761,32,17,4023
762,32,18,3974
763,32,19,3946
764,32,20,3907
765,32,21,3930
766,32,22,3954
767,32,23,3971
768,32,24,4019
769,33,1,4093
770,33,2,4206
771,33,3,4111
772,33,4,4131
773,33,5,4159
774,33,6,4113
775,33,7,4072
776,33,8,3987
777,33,9,3975
778,33,10,3940
779,33,11,4013
780,33,12,4070
781,33,13,3991
782,33,14,3981
783,33,15,3876
784,33,16,3838
785,33,17,3893
786,33,18,3908
787,33,19,3882
788,33,20,3896
789,33,21,3888
790,33,22,3865
791,33,23,3948
792,33,24,3946
793,34,1,3928
794,34,2,3989
795,34,3,4059
796,34,4,3962
797,34,5,3971
798,34,6,3931
799,34,7,3865
800,34,8,3812
801,34,9,3817
802,34,10,3780
803,34,11,3745
804,34,12,3798
805,34,13,3868
806,34,14,3867
807,34,15,3919
808,34,16,3907
809,34,17,3949
810,34,18,3999
811,34,19,4018
812,34,20,4060
813,34,21,4118
814,34,22,4209
815,34,23,4198
816,34,24,4168
817,35,1,4242
818,35,2,4219
819,35,3,4202
820,35,4,4287
821,35,5,4213
822,35,6,4215
823,35,7,4298
824,35,8,4399
825,35,9,4451
826,35,10,4424
827,35,11,4444
828,35,12,4427
829,35,13,4513
830,35,14,4557
831,35,15,4520
832,35,16,4615
833,35,17,4651
834,35,18,4628
835,35,19,4695
836,35,20,4717
837,35,21,4766
838,35,22,4810
839,35,23,4885
840,35,24,4967
841,36,1,5031
842,36,2,5137
843,36,3,5080
844,36,4,5044
845,36,5,5027
846,36,6,4998
847,36,7,5013
848,36,8,5073
849,36,9,5079
850,36,10,5025
851,36,11,5053
852,36,12,5065
853,36,13,4987
854,36,14,4968
855,36,15,4944
856,36,16,5014
857,36,17,5063
858,36,18,5121
859,36,19,5269
860,36,20,5365
861,36,21,5345
862,36,22,5395
863,36,23,5375
864,36,24,5467
865,37,1,5485
866,37,2,5489
867,37,3,5601
868,37,4,5505
869,37,5,5520
870,37,6,5630
871,37,7,5585
872,37,8,5631
873,37,9,5677
874,37,10,5721
875,37,11,5726
876,37,12,5824
877,37,13,5777
878,37,14,5823
879,37,15,5796
880,37,16,5746
881,37,17,5775
882,37,18,5772
883,37,19,5794
884,37,20,5796
885,37,21,5846
886,37,22,5799
887,37,23,5840
888,37,24,5853
889,38,1,5840
890,38,2,5856
891,38,3,5917
892,38,4,5921
893,38,5,5913
894,38,6,6008
895,38,7,5973
896,38,8,5998
897,38,9,5942
898,38,10,5938
899,38,11,5959
900,38,12,5947
901,38,13,6002
902,38,14,6073
903,38,15,5966
904,38,16,5975
905,38,17,5956
906,38,18,5993
907,38,19,6127
908,38,20,6144
909,38,21,6237
910,38,22,6311
911,38,23,6295
912,38,24,6272
913,39,1,6245
914,39,2,6341
915,39,3,6283
916,39,4,6361
917,39,5,6478
918,39,6,6456
919,39,7,6443
920,39,8,6355
921,39,9,6453
922,39,10,6523
923,39,11,6575
924,39,12,6627
925,39,13,6664
926,39,14,6619
927,39,15,6632
928,39,16,6594
929,39,17,6624
930,39,18,6697
931,39,19,6649
932,39,20,6629
933,39,21,6705
934,39,22,6667
935,39,23,6589
936,39,24,6634
937,40,1,6595
938,40,2,6732
939,40,3,6779
940,40,4,6894
941,40,5,6905
942,40,6,6825
943,40,7,6719
944,40,8,6660
945,40,9,6653
946,40,10,6713
947,40,11,6679
948,40,12,6792
949,40,13,6803
950,40,14,6776
951,40,15,6789
952,40,16,6868
953,40,17,6936
954,40,18,6956
955,40,19,6898
956,40,20,6987
957,40,21,6960
958,40,22,6953
959,40,23,7106
960,40,24,7268
961,41,1,7347
962,41,2,7315
963,41,3,7433
964,41,4,7413
965,41,5,7423
966,41,6,7474
967,41,7,7556
968,41,8,7457
969,41,9,7431
970,41,10,7424
971,41,11,7408
972,41,12,7412
973,41,13,7443
974,41,14,7464
975,41,15,7544
976,41,16,7495
977,41,17,7490
978,41,18,7516
979,41,19,7503
980,41,20,7484
981,41,21,7578
982,41,22,7696
983,41,23,7758
984,41,24,7803
985,42,1,7806
986,42,2,7894
987,42,3,7880
988,42,4,7866
989,42,5,7801
990,42,6,7795
991,42,7,7877
992,42,8,7843
993,42,9,7787
994,42,10,7668
995,42,11,7672
996,42,12,7732
997,42,13,7786
998,42,14,7745
999,42,15,7664
1000,42,16,7700
1001,42,17,7783
1002,42,18,7736
1003,42,19,7723
1004,42,20,7742
1005,42,21,7727
1006,42,22,7736
1007,42,23,7661
1008,42,24,7709
1009,43,1,7681
1010,43,2,7801
1011,43,3,7903
1012,43,4,7861
1013,43,5,7762
1014,43,6,7829
1015,43,7,7831
1016,43,8,7871
1017,43,9,7933
1018,43,10,7945
1019,43,11,7914
1020,43,12,7892
1021,43,13,7931
1022,43,14,7903
1023,43,15,8012
1024,43,16,8051
1025,43,17,8077
1026,43,18,8038
1027,43,19,8049
1028,43,20,8140
1029,43,21,8218
1030,43,22,8318
1031,43,23,8361
1032,43,24,8471
1033,44,1,8459
1034,44,2,8483
1035,44,3,8577
1036,44,4,8744
1037,44,5,8745
1038,44,6,8622
1039,44,7,8697
1040,44,8,8661
1041,44,9,8684
1042,44,10,8682
1043,44,11,8697
1044,44,12,8666
1045,44,13,8723
1046,44,14,8744
1047,44,15,8799
1048,44,16,8751
1049,44,17,8801
1050,44,18,8789
1051,44,19,8696
1052,44,20,8752
1053,44,21,8572
1054,44,22,8667
1055,44,23,8631
1056,44,24,8686
1057,45,1,8716
1058,45,2,8693
1059,45,3,8899
1060,45,4,8912
1061,45,5,8891
1062,45,6,8844
1063,45,7,8888
1064,45,8,8918
1065,45,9,8934
1066,45,10,8870
1067,45,11,8851
1068,45,12,8889
1069,45,13,9024
1070,45,14,9103
1071,45,15,9148
1072,45,16,9262
1073,45,17,9325
1074,45,18,9304
1075,45,19,9439
1076,45,20,9576
1077,45,21,9548
1078,45,22,9728
1079,45,23,9775
1080,45,24,9838
1081,46,1,9893
1082,46,2,9877
1083,46,3,9841
1084,46,4,9830
1085,46,5,9738
1086,46,6,9812
1087,46,7,9709
1088,46,8,9673
1089,46,9,9765
1090,46,10,9867
1091,46,11,9833
1092,46,12,10154
1093,46,13,10224
1094,46,14,10243
1095,46,15,10228
1096,46,16,10278
1097,46,17,10435
1098,46,18,10274
1099,46,19,10274
1100,46,20,10304
1101,46,21,10296
1102,46,22,10302
1103,46,23,10211
1104,46,24,10097
1105,47,1,10096
1106,47,2,10120
1107,47,3,10186
1108,47,4,10258
1109,47,5,10166
1110,47,6,10081
1111,47,7,10028
1112,47,8,10106
1113,47,9,10089
1114,47,10,10182
1115,47,11,10344
1116,47,12,10410
1117,47,13,10352
1118,47,14,10380
1119,47,15,10458
1120,47,16,10553
1121,47,17,10587
1122,47,18,10485
1123,47,19,10520
1124,47,20,10445
1125,47,21,10557
1126,47,22,10617
1127,47,23,10520
1128,47,24,10505
1129,48,1,10486
1130,48,2,10419
1131,48,3,10389
1132,48,4,10426
1133,48,5,10453
1134,48,6,10550
1135,48,7,10498
1136,48,8,10490
1137,48,9,10637
1138,48,10,10548
1139,48,11,10577
1140,48,12,10691
1141,48,13,10730
1142,48,14,10649
1143,48,15,10721
1144,48,16,10791
1145,48,17,10817
1146,48,18,10797
1147,48,19,10888
1148,48,20,11015
1149,48,21,10959
1150,48,22,11112
1151,48,23,11118
1152,48,24,11098
1153,49,1,11003
1154,49,2,11012
1155,49,3,10970
1156,49,4,10930
1157,49,5,10984
1158,49,6,11001
1159,49,7,11003
1160,49,8,10995
1161,49,9,10944
1162,49,10,10784
1163,49,11,10876
1164,49,12,10988
1165,49,13,10848
1166,49,14,10999
1167,49,15,10912
1168,49,16,10933
1169,49,17,10863
1170,49,18,10820
1171,49,19,10855
1172,49,20,10868
1173,49,21,10909
1174,49,22,10873
1175,49,23,10914
1176,49,24,10963
1177,50,1,10996
1178,50,2,11006
1179,50,3,11028
1180,50,4,11079
1181,50,5,11136
1182,50,6,11021
1183,50,7,10932
1184,50,8,10885
1185,50,9,10897
1186,50,10,10869
1187,50,11,10839
1188,50,12,10822
1189,50,13,11025
1190,50,14,11131
1191,50,15,11092
1192,50,16,11154
1193,50,17,11195
1194,50,18,11222
1195,50,19,11314
1196,50,20,11446
1197,50,21,11426
1198,50,22,11553
1199,50,23,11545
1200,50,24,11640
1201,51,1,11665
1202,51,2,11618
1203,51,3,11574
1204,51,4,11678
1205,51,5,11622
1206,51,6,11732
1207,51,7,11883
1208,51,8,11841
1209,51,9,11837
1210,51,10,11819
1211,51,11,11760
1212,51,12,11798
1213,51,13,11725
1214,51,14,11744
1215,51,15,11848
1216,51,16,11899
1217,51,17,11865
1218,51,18,11827
1219,51,19,11971
1220,51,20,12166
1221,51,21,12115
1222,51,22,12091
1223,51,23,12058
1224,51,24,12093
1225,52,1,12047
1226,52,2,12119
1227,52,3,12052
1228,52,4,11992
1229,52,5,12058
1230,52,6,11978
1231,52,7,12012
1232,52,8,11938
1233,52,9,11870
1234,52,10,11860
1235,52,11,11932
1236,52,12,11971
1237,52,13,11888
1238,52,14,11683
1239,52,15,11561
1240,52,16,11486
1241,52,17,11585
1242,52,18,11715
1243,52,19,11773
1244,52,20,11814
1245,52,21,11710
1246,52,22,11676
1247,52,23,11832
1248,52,24,11894
1249,53,1,11949
1250,53,2,11966
1251,53,3,11969
1252,53,4,12061
1253,53,5,12172
1254,53,6,12195
1255,53,7,12170
1256,53,8,12273
1257,53,9,12412
1258,53,10,12463
1259,53,11,12446
1260,53,12,12452
1261,53,13,12435
1262,53,14,12482
1263,53,15,12580
1264,53,16,12609
1265,53,17,12664
1266,53,18,12734
1267,53,19,12808
1268,53,20,12775
1269,53,21,12810
1270,53,22,12867
1271,53,23,12914
1272,53,24,12843
1273,54,1,12863
1274,54,2,12734
1275,54,3,12811
1276,54,4,12800
1277,54,5,12769
1278,54,6,12911
1279,54,7,13183
1280,54,8,13171
1281,54,9,13202
1282,54,10,13232
1283,54,11,13243
1284,54,12,13159
1285,54,13,13134
1286,54,14,13137
1287,54,15,13152
1288,54,16,13054
1289,54,17,12936
1290,54,18,13127
1291,54,19,13224
1292,54,20,13176
1293,54,21,13254
1294,54,22,13234
1295,54,23,13305
1296,54,24,13277
1297,55,1,13278
1298,55,2,13151
1299,55,3,13162
1300,55,4,13314
1301,55,5,13359
1302,55,6,13476
1303,55,7,13439
1304,55,8,13354
1305,55,9,13383
1306,55,10,13374
1307,55,11,13390
1308,55,12,13354
1309,55,13,13374
1310,55,14,13309
1311,55,15,13350
1312,55,16,13448
1313,55,17,13534
1314,55,18,13553
1315,55,19,13603
1316,55,20,13753
1317,55,21,13817
1318,55,22,13885
1319,55,23,13898
1320,55,24,13953
1321,56,1,13943
1322,56,2,13898
1323,56,3,13990
1324,56,4,13917
1325,56,5,13901
1326,56,6,13929
1327,56,7,13997
1328,56,8,13920
1329,56,9,13890
1330,56,10,13935
1331,56,11,13914
1332,56,12,13887
1333,56,13,13973
1334,56,14,14005
1335,56,15,14108
1336,56,16,14021
1337,56,17,14170
1338,56,18,14262
1339,56,19,14293
1340,56,20,14249
1341,56,21,14324
1342,56,22,14406
1343,56,23,14512
1344,56,24,14491
1345,57,1,14546
1346,57,2,14553
1347,57,3,14530
1348,57,4,14675
1349,57,5,14708
1350,57,6,14476
1351,57,7,14578
1352,57,8,14656
1353,57,9,14577
1354,57,10,14829
1355,57,11,14814
1356,57,12,14925
1357,57,13,15110
1358,57,14,15100
1359,57,15,15155
1360,57,16,15170
1361,57,17,15205
1362,57,18,15231
1363,57,19,15166
1364,57,20,15187
1365,57,21,15133
1366,57,22,15160
1367,57,23,15055
1368,57,24,15119
1369,58,1,15162
1370,58,2,15252
1371,58,3,15180
1372,58,4,15182
1373,58,5,15317
1374,58,6,15170
1375,58,7,15283
1376,58,8,15343
1377,58,9,15345
1378,58,10,15366
1379,58,11,15408
1380,58,12,15408
1381,58,13,15394
1382,58,14,15344
1383,58,15,15379
1384,58,16,15562
1385,58,17,15662
1386,58,18,15750
1387,58,19,15831
1388,58,20,15755
1389,58,21,15707
1390,58,22,15622
1391,58,23,15668
1392,58,24,15566
1393,59,1,15637
1394,59,2,15538
1395,59,3,15550
1396,59,4,15531
1397,59,5,15433
1398,59,6,15429
1399,59,7,15674
1400,59,8,15686
1401,59,9,15862
1402,59,10,15736
1403,59,11,15641
1404,59,12,15638
1405,59,13,15676
1406,59,14,15576
1407,59,15,15687
1408,59,16,15678
1409,59,17,15739
1410,59,18,15673
1411,59,19,15590
1412,59,20,15568
1413,59,21,15514
1414,59,22,15591
1415,59,23,15613
1416,59,24,15710
1417,60,1,15702
1418,60,2,15538
1419,60,3,15659
1420,60,4,15687
1421,60,5,15718
1422,60,6,15784
1423,60,7,15837
1424,60,8,16027
1425,60,9,15997
1426,60,10,15956
1427,60,11,16010
1428,60,12,16077
1429,60,13,16189
1430,60,14,16181
1431,60,15,16224
1432,60,16,16334
1433,60,17,16344
1434,60,18,16325
1435,60,19,16365
1436,60,20,16439
1437,60,21,16538
1438,60,22,16605
1439,60,23,16760
1440,60,24,16858
1441,61,1,16846
1442,61,2,16924
1443,61,3,17135
1444,61,4,17254
1445,61,5,17140
1446,61,6,17287
1447,61,7,17306
1448,61,8,17407
1449,61,9,17392
1450,61,10,17353
1451,61,11,17380
1452,61,12,17354
1453,61,13,17289
1454,61,14,17402
1455,61,15,17494
1456,61,16,17493
1457,61,17,17599
1458,61,18,17550
1459,61,19,17651
1460,61,20,17604
1461,61,21,17641
1462,61,22,17565
1463,61,23,17431
1464,61,24,17449
1465,62,1,17422
1466,62,2,17460
1467,62,3,17424
1468,62,4,17370
1469,62,5,17405
1470,62,6,17416
1471,62,7,17494
1472,62,8,17618
1473,62,9,17459
1474,62,10,17527
1475,62,11,17538
1476,62,12,17588
1477,62,13,17608
1478,62,14,17460
1479,62,15,17474
1480,62,16,17440
1481,62,17,17609
1482,62,18,17747
1483,62,19,17774
1484,62,20,17793
1485,62,21,17869
1486,62,22,17981
1487,62,23,17961
1488,62,24,18098
1489,63,1,17981
1490,63,2,18086
1491,63,3,18227
1492,63,4,18290
1493,63,5,18308
1494,63,6,18298
1495,63,7,18167
1496,63,8,18367
1497,63,9,18337
1498,63,10,18392
1499,63,11,18486
1500,63,12,18661
1501,63,13,18785
1502,63,14,18891
1503,63,15,18811
1504,63,16,18865
1505,63,17,18794
1506,63,18,18772
1507,63,19,18549
1508,63,20,18778
1509,63,21,18798
1510,63,22,18750
1511,63,23,18846
1512,63,24,18922
1513,64,1,18819
1514,64,2,18695
1515,64,3,18696
1516,64,4,18858
1517,64,5,18870
1518,64,6,18817
1519,64,7,18873
1520,64,8,18884
1521,64,9,18863
1522,64,10,18854
1523,64,11,18866
1524,64,12,18927
1525,64,13,18759
1526,64,14,18780
1527,64,15,18834
1528,64,16,18884
1529,64,17,18918
1530,64,18,19030
1531,64,19,19070
1532,64,20,19275
1533,64,21,19343
1534,64,22,19360
1535,64,23,19516
1536,64,24,19352
1537,65,1,19263
1538,65,2,19375
1539,65,3,19261
1540,65,4,19353
1541,65,5,19208
1542,65,6,19275
1543,65,7,19380
1544,65,8,19459
1545,65,9,19470
1546,65,10,19470
1547,65,11,19294
1548,65,12,19181
1549,65,13,19250
1550,65,14,19234
1551,65,15,19213
1552,65,16,19180
1553,65,17,19098
1554,65,18,19244
1555,65,19,19097
1556,65,20,18945
1557,65,21,18888
1558,65,22,18751
1559,65,23,18720
1560,65,24,18921
1561,66,1,18956
1562,66,2,19104
1563,66,3,19429
1564,66,4,19436
1565,66,5,19378
1566,66,6,19480
1567,66,7,19512
1568,66,8,19718
1569,66,9,19716
1570,66,10,19816
1571,66,11,19724
1572,66,12,19756
1573,66,13,19844
1574,66,14,19806
1575,66,15,19971
1576,66,16,19823
1577,66,17,19929
1578,66,18,19961
1579,66,19,20035
1580,66,20,20133
1581,66,21,20140
1582,66,22,20130
1583,66,23,20194
1584,66,24,20329
1585,67,1,20323
1586,67,2,20314
1587,67,3,20391
1588,67,4,20393
1589,67,5,20310
1590,67,6,20372
1591,67,7,20279
1592,67,8,20344
1593,67,9,20159
1594,67,10,20192
1595,67,11,20425
1596,67,12,20389
1597,67,13,20609
1598,67,14,20529
1599,67,15,20530
1600,67,16,20453
1601,67,17,20477
1602,67,18,20521
1603,67,19,20426
1604,67,20,20590
1605,67,21,20685
1606,67,22,20762
1607,67,23,20863
1608,67,24,20853
1609,68,1,20720
1610,68,2,20918
1611,68,3,20772
1612,68,4,20611
1613,68,5,20408
1614,68,6,20489
1615,68,7,20417
1616,68,8,20426
1617,68,9,20542
1618,68,10,20601
1619,68,11,20444
1620,68,12,20613
1621,68,13,20720
1622,68,14,20678
1623,68,15,20840
1624,68,16,20906
1625,68,17,21071
1626,68,18,21042
1627,68,19,20984
1628,68,20,21197
1629,68,21,21527
1630,68,22,21344
1631,68,23,21406
1632,68,24,21358
1633,69,1,21495
1634,69,2,21681
1635,69,3,21915
1636,69,4,21944
1637,69,5,21987
1638,69,6,22111
1639,69,7,21988
1640,69,8,21962
1641,69,9,22014
1642,69,10,21977
1643,69,11,21913
1644,69,12,21921
1645,69,13,22110
1646,69,14,22223
1647,69,15,22319
1648,69,16,22104
1649,69,17,22368
1650,69,18,22306
1651,69,19,22228
1652,69,20,22367
1653,69,21,22419
1654,69,22,22262
1655,69,23,22316
1656,69,24,22325
1657,70,1,22375
1658,70,2,22355
1659,70,3,22447
1660,70,4,22488
1661,70,5,22373
1662,70,6,22364
1663,70,7,22331
1664,70,8,22479
1665,70,9,22693
1666,70,10,22761
1667,70,11,22684
1668,70,12,22782
1669,70,13,22738
1670,70,14,23027
1671,70,15,23232
1672,70,16,23195
1673,70,17,23104
1674,70,18,23119
1675,70,19,23195
1676,70,20,23161
1677,70,21,23162
1678,70,22,23317
1679,70,23,23444
1680,70,24,23528
1681,71,1,23760
1682,71,2,24020
1683,71,3,24312
1684,71,4,24340
1685,71,5,24376
1686,71,6,24469
1687,71,7,24630
1688,71,8,24633
1689,71,9,24692
1690,71,10,24786
1691,71,11,24654
1692,71,12,24631
1693,71,13,24746
1694,71,14,24917
1695,71,15,24973
1696,71,16,25112
1697,71,17,25260
1698,71,18,25349
1699,71,19,25382
1700,71,20,25440
1701,71,21,25446
1702,71,22,25495
1703,71,23,25599
1704,71,24,25710
1705,72,1,25705
1706,72,2,25843
1707,72,3,25841
1708,72,4,25962
1709,72,5,26043
1710,72,6,25932
1711,72,7,25887
1712,72,8,26011
1713,72,9,26117
1714,72,10,26147
1715,72,11,26077
1716,72,12,25978
1717,72,13,26077
1718,72,14,25972
1719,72,15,26033
1720,72,16,25785
1721,72,17,25862
1722,72,18,25784
1723,72,19,25939
1724,72,20,25848
1725,72,21,25872
1726,72,22,25796
1727,72,23,25793
1728,72,24,25967
1729,73,1,26015
1730,73,2,26075
1731,73,3,26135
1732,73,4,26006
1733,73,5,26221
1734,73,6,26440
1735,73,7,26428
1736,73,8,26560
1737,73,9,26330
1738,73,10,26442
1739,73,11,26452
1740,73,12,26524
1741,73,13,26630
1742,73,14,26841
1743,73,15,26697
1744,73,16,26649
1745,73,17,26827
1746,73,18,26867
1747,73,19,27175
1748,73,20,26978
1749,73,21,26826
1750,73,22,26858
1751,73,23,27046
1752,73,24,27039
1753,74,1,26947
1754,74,2,27172
1755,74,3,27249
1756,74,4,27213
1757,74,5,27355
1758,74,6,27465
1759,74,7,27359
1760,74,8,27220
1761,74,9,27252
1762,74,10,27198
1763,74,11,27250
1764,74,12,27256
1765,74,13,27262
1766,74,14,27529
1767,74,15,27644
1768,74,16,27780
1769,74,17,27452
1770,74,18,27502
1771,74,19,27663
1772,74,20,27697
1773,74,21,27739
1774,74,22,27880
1775,74,23,27860
1776,74,24,27832
1777,75,1,27625
1778,75,2,27578
1779,75,3,27600
1780,75,4,27544
1781,75,5,27520
1782,75,6,27605
1783,75,7,27695
1784,75,8,27700
1785,75,9,27490
1786,75,10,27532
1787,75,11,27638
1788,75,12,27608
1789,75,13,27779
1790,75,14,27790
1791,75,15,28036
1792,75,16,28262
1793,75,17,28444
1794,75,18,28376
1795,75,19,28441
1796,75,20,28398
1797,75,21,28761
1798,75,22,28780
1799,75,23,28939
1800,75,24,29077
1801,76,1,29326
1802,76,2,29229
1803,76,3,29129
1804,76,4,28973
1805,76,5,29012
1806,76,6,28987
1807,76,7,28964
1808,76,8,29088
1809,76,9,29226
1810,76,10,29283
1811,76,11,29237
1812,76,12,29186
1813,76,13,29055
1814,76,14,28972
1815,76,15,29042
1816,76,16,29029
1817,76,17,28812
1818,76,18,28909
1819,76,19,28921
1820,76,20,28949
1821,76,21,29012
1822,76,22,29080
1823,76,23,29247
1824,76,24,29233
1825,77,1,29204
1826,77,2,29435
1827,77,3,29638
1828,77,4,29909
1829,77,5,30049
1830,77,6,30182
1831,77,7,30397
1832,77,8,30507
1833,77,9,30601
1834,77,10,30874
1835,77,11,30826
1836,77,12,30754
1837,77,13,31023
1838,77,14,31086
1839,77,15,31073
1840,77,16,31054
1841,77,17,31158
1842,77,18,31042
1843,77,19,31327
1844,77,20,31294
1845,77,21,31148
1846,77,22,31375
1847,77,23,31460
1848,77,24,31302
1849,78,1,31518
1850,78,2,31615
1851,78,3,31744
1852,78,4,31902
1853,78,5,31850
1854,78,6,31617
1855,78,7,31839
1856,78,8,31876
1857,78,9,31894
1858,78,10,32099
1859,78,11,32201
1860,78,12,32276
1861,78,13,32340
1862,78,14,32480
1863,78,15,32326
1864,78,16,32276
1865,78,17,32279
1866,78,18,32076
1867,78,19,32151
1868,78,20,32087
1869,78,21,31942
1870,78,22,32114
1871,78,23,31949
1872,78,24,32214
1873,79,1,32089
1874,79,2,32095
1875,79,3,32037
1876,79,4,32035
1877,79,5,32222
1878,79,6,32187
1879,79,7,32408
1880,79,8,32330
1881,79,9,32484
1882,79,10,32480
1883,79,11,32463
1884,79,12,32427
1885,79,13,32435
1886,79,14,32605
1887,79,15,32485
1888,79,16,32804
1889,79,17,32766
1890,79,18,32914
1891,79,19,32927
1892,79,20,33019
1893,79,21,32852
1894,79,22,33035
1895,79,23,33194
1896,79,24,33323
1897,80,1,33564
1898,80,2,33660
1899,80,3,33698
1900,80,4,33840
1901,80,5,33812
1902,80,6,33810
1903,80,7,34058
1904,80,8,34224
1905,80,9,34023
1906,80,10,34157
1907,80,11,34231
1908,80,12,34254
1909,80,13,34503
1910,80,14,34594
1911,80,15,34714
1912,80,16,34762
1913,80,17,34908
1914,80,18,34864
1915,80,19,34957
1916,80,20,35226
1917,80,21,35344
1918,80,22,35542
1919,80,23,35564
1920,80,24,35749
1921,81,1,35742
1922,81,2,36044
1923,81,3,35907
1924,81,4,35863
1925,81,5,35752
1926,81,6,35778
1927,81,7,35547
1928,81,8,35399
1929,81,9,35375
1930,81,10,35505
1931,81,11,35713
1932,81,12,35542
1933,81,13,35810
1934,81,14,35965
1935,81,15,36040
1936,81,16,36058
1937,81,17,35908
1938,81,18,35811
1939,81,19,35869
1940,81,20,35852
1941,81,21,35830
1942,81,22,36131
1943,81,23,36085
1944,81,24,36003
1945,82,1,36137
1946,82,2,36266
1947,82,3,36402
1948,82,4,36510
1949,82,5,36521
1950,82,6,36589
1951,82,7,36447
1952,82,8,36458
1953,82,9,36389
1954,82,10,36476
1955,82,11,36540
1956,82,12,36475
1957,82,13,36596
1958,82,14,36577
1959,82,15,36671
1960,82,16,36787
1961,82,17,37012
1962,82,18,36914
1963,82,19,37030
1964,82,20,37066
1965,82,21,37273
1966,82,22,37345
1967,82,23,37191
1968,82,24,37389
1969,83,1,37375
1970,83,2,37415
1971,83,3,37618
1972,83,4,37482
1973,83,5,37610
1974,83,6,37722
1975,83,7,37626
1976,83,8,37531
1977,83,9,37525
1978,83,10,37607
1979,83,11,37642
1980,83,12,37795
1981,83,13,38020
1982,83,14,38276
1983,83,15,38154
1984,83,16,38379
1985,83,17,38403
1986,83,18,38449
1987,83,19,38491
1988,83,20,38466
1989,83,21,38631
1990,83,22,38621
1991,83,23,38654
1992,83,24,38744
1993,84,1,38597
1994,84,2,38415
1995,84,3,38327
1996,84,4,38347
1997,84,5,38649
1998,84,6,38642
1999,84,7,38770
2000,84,8,39024
2001,84,9,38905
2002,84,10,38902
2003,84,11,39150
2004,84,12,39216
2005,84,13,39372
2006,84,14,39147
2007,84,15,39205
2008,84,16,39290
2009,84,17,39379
2010,84,18,39401
2011,84,19,39514
2012,84,20,39491
2013,84,21,39411
2014,84,22,39560
2015,84,23,39489
2016,84,24,39475
2017,85,1,39449
2018,85,2,39238
2019,85,3,39590
2020,85,4,39577
2021,85,5,39514
2022,85,6,39486
2023,85,7,39658
2024,85,8,39506
2025,85,9,39544
2026,85,10,39660
2027,85,11,39675
2028,85,12,39468
2029,85,13,39508
2030,85,14,39560
2031,85,15,39598
2032,85,16,39692
2033,85,17,39721
2034,85,18,39904
2035,85,19,39818
2036,85,20,39960
2037,85,21,39858
2038,85,22,39983
2039,85,23,40213
2040,85,24,40095
2041,86,1,40293
2042,86,2,40109
2043,86,3,39901
2044,86,4,39975
2045,86,5,39915
2046,86,6,39871
2047,86,7,39951
2048,86,8,39906
2049,86,9,39940
2050,86,10,39920
2051,86,11,39877
2052,86,12,40051
2053,86,13,40168
2054,86,14,40254
2055,86,15,40224
2056,86,16,40163
2057,86,17,40172
2058,86,18,40020
2059,86,19,39909
2060,86,20,40103
2061,86,21,40046
2062,86,22,40124
2063,86,23,40095
2064,86,24,40274
2065,87,1,39945
2066,87,2,40068
2067,87,3,40074
2068,87,4,40307
2069,87,5,40465
2070,87,6,40646
2071,87,7,40569
2072,87,8,40383
2073,87,9,40462
2074,87,10,40553
2075,87,11,40570
2076,87,12,41028
2077,87,13,41242
2078,87,14,41421
2079,87,15,41572
2080,87,16,41831
2081,87,17,41859
2082,87,18,41888
2083,87,19,41988
2084,87,20,41988
2085,87,21,42095
2086,87,22,41953
2087,87,23,42232
2088,87,24,42153
2089,88,1,42229
2090,88,2,41981
2091,88,3,41986
2092,88,4,42147
2093,88,5,42174
2094,88,6,42150
2095,88,7,42083
2096,88,8,42242
2097,88,9,42146
2098,88,10,42299
2099,88,11,42396
2100,88,12,42425
2101,88,13,42641
2102,88,14,42825
2103,88,15,42907
2104,88,16,42854
2105,88,17,42795
2106,88,18,42895
2107,88,19,43162
2108,88,20,42926
2109,88,21,42943
2110,88,22,42957
2111,88,23,43010
2112,88,24,43293
2113,89,1,43242
2114,89,2,43242
2115,89,3,43231
2116,89,4,43376
2117,89,5,43300
2118,89,6,43436
2119,89,7,43242
2120,89,8,43285
2121,89,9,43533
2122,89,10,43532
2123,89,11,43551
2124,89,12,43669
2125,89,13,44029
2126,89,14,43948
2127,89,15,43905
2128,89,16,43974
2129,89,17,43805
2130,89,18,43829
2131,89,19,43924
2132,89,20,44039
2133,89,21,44104
2134,89,22,44146
2135,89,23,44177
2136,89,24,44273
2137,90,1,44630
2138,90,2,44747
2139,90,3,44866
2140,90,4,44609
2141,90,5,44661
2142,90,6,44924
2143,90,7,44947
2144,90,8,45085
2145,90,9,45025
2146,90,10,44855
2147,90,11,45305
2148,90,12,45568
2149,90,13,45727
2150,90,14,45800
2151,90,15,45763
2152,90,16,45767
2153,90,17,46014
2154,90,18,46010
2155,90,19,46023
2156,90,20,46087
2157,90,21,46124
2158,90,22,46065
2159,90,23,45775
2160,90,24,45736
2161,91,1,45592
2162,91,2,45740
2163,91,3,45639
2164,91,4,45620
2165,91,5,45686
2166,91,6,45673
2167,91,7,45760
2168,91,8,45896
2169,91,9,46109
2170,91,10,46119
2171,91,11,46512
2172,91,12,46775
2173,91,13,47151
2174,91,14,47460
2175,91,15,47464
2176,91,16,47312
2177,91,17,47232
2178,91,18,47202
2179,91,19,47309
2180,91,20,47385
2181,91,21,47487
2182,91,22,47333
2183,91,23,47368
2184,91,24,47488
2185,92,1,47643
2186,92,2,47778
2187,92,3,47776
2188,92,4,47856
2189,92,5,47957
2190,92,6,47973
2191,92,7,48036
2192,92,8,47954
2193,92,9,47998
2194,92,10,48311
2195,92,11,48584
2196,92,12,48437
2197,92,13,48563
2198,92,14,48621
2199,92,15,48536
2200,92,16,48648
2201,92,17,49099
2202,92,18,49298
2203,92,19,49269
2204,92,20,49140
2205,92,21,49148
2206,92,22,49327
2207,92,23,49329
2208,92,24,49406
2209,93,1,49416
2210,93,2,49884
2211,93,3,50014
2212,93,4,50109
2213,93,5,50154
2214,93,6,50313
2215,93,7,50290
2216,93,8,50513
2217,93,9,50441
2218,93,10,50426
2219,93,11,50224
2220,93,12,50241
2221,93,13,50084
2222,93,14,50227
2223,93,15,50537
2224,93,16,50370
2225,93,17,50280
2226,93,18,50385
2227,93,19,50610
2228,93,20,50614
2229,93,21,50576
2230,93,22,50453
2231,93,23,50426
2232,93,24,50391
2233,94,1,50664
2234,94,2,50768
2235,94,3,50579
2236,94,4,50429
2237,94,5,50422
2238,94,6,50468
2239,94,7,50449
2240,94,8,50692
2241,94,9,50790
2242,94,10,50828
2243,94,11,50862
2244,94,12,50834
2245,94,13,51006
2246,94,14,50906
2247,94,15,50972
2248,94,16,51101
2249,94,17,51128
2250,94,18,51072
2251,94,19,50951
2252,94,20,50943
2253,94,21,50995
2254,94,22,50991
2255,94,23,50756
2256,94,24,50669
2257,95,1,50627
2258,95,2,50650
2259,95,3,50854
2260,95,4,50794
2261,95,5,50848
2262,95,6,50649
2263,95,7,50336
2264,95,8,50508
2265,95,9,50513
2266,95,10,50646
2267,95,11,50727
2268,95,12,50802
2269,95,13,51177
2270,95,14,51224
2271,95,15,51075
2272,95,16,50875
2273,95,17,50928
2274,95,18,51182
2275,95,19,51287
2276,95,20,51458
2277,95,21,51503
2278,95,22,51643
2279,95,23,51550
2280,95,24,51323
2281,96,1,51264
2282,96,2,51111
2283,96,3,51023
2284,96,4,51192
2285,96,5,51273
2286,96,6,51100
2287,96,7,51190
2288,96,8,51329
2289,96,9,51558
2290,96,10,51800
2291,96,11,51873
2292,96,12,52056
2293,96,13,52156
2294,96,14,52569
2295,96,15,52699
2296,96,16,52689
2297,96,17,52574
2298,96,18,52629
2299,96,19,52774
2300,96,20,52791
2301,96,21,52944
2302,96,22,53325
2303,96,23,53517
2304,96,24,53919
2305,97,1,54052
2306,97,2,54185
2307,97,3,54348
2308,97,4,54324
2309,97,5,54474
2310,97,6,54435
2311,97,7,54528
2312,97,8,54563
2313,97,9,54545
2314,97,10,54684
2315,97,11,54516
2316,97,12,54676
2317,97,13,54496
2318,97,14,54561
2319,97,15,54651
2320,97,16,55063
2321,97,17,54817
2322,97,18,54873
2323,97,19,54787
2324,97,20,55143
2325,97,21,55027
2326,97,22,54823
2327,97,23,55020
2328,97,24,54826
2329,98,1,54994
2330,98,2,55005
2331,98,3,54903
2332,98,4,54831
2333,98,5,54775
2334,98,6,55021
2335,98,7,55116
2336,98,8,55132
2337,98,9,54945
2338,98,10,54760
2339,98,11,54679
2340,98,12,54541
2341,98,13,54612
2342,98,14,54623
2343,98,15,54721
2344,98,16,54735
2345,98,17,54958
2346,98,18,55097
2347,98,19,55312
2348,98,20,55361
2349,98,21,55249
2350,98,22,55510
2351,98,23,55753
2352,98,24,55748
2353,99,1,55739
2354,99,2,55978
2355,99,3,55946
2356,99,4,56099
2357,99,5,55683
2358,99,6,55716
2359,99,7,55723
2360,99,8,55556
2361,99,9,55526
2362,99,10,55455
2363,99,11,55370
2364,99,12,55238
2365,99,13,55371
2366,99,14,55593
2367,99,15,55530
2368,99,16,55619
2369,99,17,55778
2370,99,18,56012
2371,99,19,55912
2372,99,20,56076
2373,99,21,56262
2374,99,22,56170
2375,99,23,56039
2376,99,24,56160
2377,100,1,56197
2378,100,2,56231
2379,100,3,56211
2380,100,4,55989
2381,100,5,55811
2382,100,6,55570
2383,100,7,55277
2384,100,8,55325
2385,100,9,55582
2386,100,10,55818
2387,100,11,56153
2388,100,12,56113
2389,100,13,56355
2390,100,14,56268
2391,100,15,56342
2392,100,16,56458
2393,100,17,56344
2394,100,18,56515
2395,100,19,56361
2396,100,20,56444
2397,100,21,56546
2398,100,22,56775
2399,100,23,56908
2400,100,24,56537
2401,101,1,56593
2402,101,2,56674
2403,101,3,56632
2404,101,4,56636
2405,101,5,56649
2406,101,6,56821
2407,101,7,57228
2408,101,8,57261
2409,101,9,57447
2410,101,10,57560
2411,101,11,57658
2412,101,12,57735
2413,101,13,57853
2414,101,14,58020
2415,101,15,58131
2416,101,16,58157
2417,101,17,58339
2418,101,18,58121
2419,101,19,58187
2420,101,20,58270
2421,101,21,58023
2422,101,22,58099
2423,101,23,58198
2424,101,24,58139
2425,102,1,58361
2426,102,2,58459
2427,102,3,58507
2428,102,4,58521
2429,102,5,58461
2430,102,6,58649
2431,102,7,58597
2432,102,8,58498
2433,102,9,58541
2434,102,10,58662
2435,102,11,58764
2436,102,12,58695
2437,102,13,58780
2438,102,14,58668
2439,102,15,58469
2440,102,16,58486
2441,102,17,58682
2442,102,18,58597
2443,102,19,58935
2444,102,20,59317
2445,102,21,59488
2446,102,22,59575
2447,102,23,59615
2448,102,24,59701
2449,103,1,59631
2450,103,2,59631
2451,103,3,59615
2452,103,4,59560
2453,103,5,59559
2454,103,6,59862
2455,103,7,60166
2456,103,8,60305
2457,103,9,60226
2458,103,10,60388
2459,103,11,60410
2460,103,12,60366
2461,103,13,60474
2462,103,14,60743
2463,103,15,60876
2464,103,16,61038
2465,103,17,61214
2466,103,18,61185
2467,103,19,60985
2468,103,20,60973
2469,103,21,61024
2470,103,22,60893
2471,103,23,60903
2472,103,24,61119
2473,104,1,61326
2474,104,2,61114
2475,104,3,61187
2476,104,4,61272
2477,104,5,61229
2478,104,6,61243
2479,104,7,61557
2480,104,8,61783
2481,104,9,61991
2482,104,10,61981
2483,104,11,62196
2484,104,12,61977
2485,104,13,62049
2486,104,14,62003
2487,104,15,62052
2488,104,16,61986
2489,104,17,62047
2490,104,18,61915
2491,104,19,61838
2492,104,20,61929
2493,104,21,62063
2494,104,22,62240
2495,104,23,62103
2496,104,24,62085
2497,105,1,62126
2498,105,2,61935
2499,105,3,62114
2500,105,4,62042
2501,105,5,62106
2502,105,6,62308
2503,105,7,62232
2504,105,8,62365
2505,105,9,62362
2506,105,10,62186
2507,105,11,62196
2508,105,12,62406
2509,105,13,62584
2510,105,14,62694
2511,105,15,62848
2512,105,16,62636
2513,105,17,62310
2514,105,18,62455
2515,105,19,62379
2516,105,20,62396
2517,105,21,62429
2518,105,22,62589
2519,105,23,62657
2520,105,24,63121
2521,106,1,63210
2522,106,2,63301
2523,106,3,63042
2524,106,4,63025
2525,106,5,62912
2526,106,6,62978
2527,106,7,63011
2528,106,8,62731
2529,106,9,63131
2530,106,10,63066
2531,106,11,63107
2532,106,12,62993
2533,106,13,63385
2534,106,14,63348
2535,106,15,63411
2536,106,16,63609
2537,106,17,63644
2538,106,18,63713
2539,106,19,63604
2540,106,20,63538
2541,106,21,63659
2542,106,22,63774
2543,106,23,63652
2544,106,24,63781
2545,107,1,63556
2546,107,2,63632
2547,107,3,63381
2548,107,4,63583
2549,107,5,63535
2550,107,6,63625
2551,107,7,64021
2552,107,8,64302
2553,107,9,64402
2554,107,10,64205
2555,107,11,64098
2556,107,12,64225
2557,107,13,64032
2558,107,14,63996
2559,107,15,64153
2560,107,16,64028
2561,107,17,64282
2562,107,18,64593
2563,107,19,64769
2564,107,20,65023
2565,107,21,65170
2566,107,22,64987
2567,107,23,65155
2568,107,24,65339
2569,108,1,65815
2570,108,2,65785
2571,108,3,66051
2572,108,4,66245
2573,108,5,66586
2574,108,6,66748
2575,108,7,67057
2576,108,8,67269
2577,108,9,67313
2578,108,10,67247
2579,108,11,67129
2580,108,12,67289
2581,108,13,67146
2582,108,14,66988
2583,108,15,67422
2584,108,16,67267
2585,108,17,67117
2586,108,18,66874
2587,108,19,66928
2588,108,20,66893
2589,108,21,66858
2590,108,22,66745
2591,108,23,66708
2592,108,24,67065
2593,109,1,66790
2594,109,2,67066
2595,109,3,66928
2596,109,4,66806
2597,109,5,66827
2598,109,6,66562
2599,109,7,66631
2600,109,8,66544
2601,109,9,66591
2602,109,10,66671
2603,109,11,67079
2604,109,12,67056
2605,109,13,67050
2606,109,14,67119
2607,109,15,67091
2608,109,16,66867
2609,109,17,67031
2610,109,18,67196
2611,109,19,67201
2612,109,20,67415
2613,109,21,67350
2614,109,22,67295
2615,109,23,67268
2616,109,24,67675
2617,110,1,67672
2618,110,2,67522
2619,110,3,67418
2620,110,4,67621
2621,110,5,67937
2622,110,6,68583
2623,110,7,68515
2624,110,8,68442
2625,110,9,68511
2626,110,10,68658
2627,110,11,68363
2628,110,12,68732
2629,110,13,68957
2630,110,14,69138
2631,110,15,69164
2632,110,16,69464
2633,110,17,69648
2634,110,18,69647
2635,110,19,69787
2636,110,20,69875
2637,110,21,69868
2638,110,22,69637
2639,110,23,69631
2640,110,24,69762
2641,111,1,70210
2642,111,2,70556
2643,111,3,70443
2644,111,4,70242
2645,111,5,70652
2646,111,6,70742
2647,111,7,70833
2648,111,8,71188
2649,111,9,71107
2650,111,10,71007
2651,111,11,71013
2652,111,12,71416
2653,111,13,71349
2654,111,14,71146
2655,111,15,70879
2656,111,16,70788
2657,111,17,70930
2658,111,18,71053
2659,111,19,71119
2660,111,20,71368
2661,111,21,71581
2662,111,22,71645
2663,111,23,71330
2664,111,24,71292
2665,112,1,71574
2666,112,2,72152
2667,112,3,72089
2668,112,4,72337
2669,112,5,72129
2670,112,6,72008
2671,112,7,72281
2672,112,8,72178
2673,112,9,72468
2674,112,10,72535
2675,112,11,72836
2676,112,12,72955
2677,112,13,72869
2678,112,14,72800
2679,112,15,72945
2680,112,16,73077
2681,112,17,73181
2682,112,18,73367
2683,112,19,73543
2684,112,20,73642
2685,112,21,74086
2686,112,22,74429
2687,112,23,74659
2688,112,24,74432
2689,113,1,74488
2690,113,2,74668
2691,113,3,74661
2692,113,4,74815
2693,113,5,74754
2694,113,6,74726
2695,113,7,74557
2696,113,8,74559
2697,113,9,74344
2698,113,10,74285
2699,113,11,74648
2700,113,12,74586
2701,113,13,74709
2702,113,14,74614
2703,113,15,74706
2704,113,16,74576
2705,113,17,74687
2706,113,18,75161
2707,113,19,75391
2708,113,20,75543
2709,113,21,75811
2710,113,22,75869
2711,113,23,76212
2712,113,24,76444
2713,114,1,76730
2714,114,2,76535
2715,114,3,76461
2716,114,4,76557
2717,114,5,76650
2718,114,6,76446
2719,114,7,76642
2720,114,8,76510
2721,114,9,76712
2722,114,10,76412
2723,114,11,76403
2724,114,12,76352
2725,114,13,76345
2726,114,14,76423
2727,114,15,76143
2728,114,16,76032
2729,114,17,76066
2730,114,18,76174
2731,114,19,76215
2732,114,20,76189
2733,114,21,76204
2734,114,22,76211
2735,114,23,75875
2736,114,24,76012
2737,115,1,75872
2738,115,2,75762
2739,115,3,76031
2740,115,4,75862
2741,115,5,75896
2742,115,6,75787
2743,115,7,75624
2744,115,8,75589
2745,115,9,75460
2746,115,10,75249
2747,115,11,75079
2748,115,12,74893
2749,115,13,74711
2750,115,14,74779
2751,115,15,74462
2752,115,16,74361
2753,115,17,74375
2754,115,18,74547
2755,115,19,74616
2756,115,20,74789
2757,115,21,75275
2758,115,22,75231
2759,115,23,75200
2760,115,24,75307
2761,116,1,75714
2762,116,2,75829
2763,116,3,75925
2764,116,4,75889
2765,116,5,75804
2766,116,6,75832
2767,116,7,75566
2768,116,8,75778
2769,116,9,75640
2770,116,10,75834
2771,116,11,75808
2772,116,12,75963
2773,116,13,76145
2774,116,14,76204
2775,116,15,76276
2776,116,16,76258
2777,116,17,76229
2778,116,18,76231
2779,116,19,76417
2780,116,20,76568
2781,116,21,76155
2782,116,22,76140
2783,116,23,76405
2784,116,24,76421
2785,117,1,76363
2786,117,2,76491
2787,117,3,76758
2788,117,4,76921
2789,117,5,76826
2790,117,6,77067
2791,117,7,77432
2792,117,8,77776
2793,117,9,78047
2794,117,10,78270
2795,117,11,78632
2796,117,12,78863
2797,117,13,78955
2798,117,14,79039
2799,117,15,78868
2800,117,16,78996
2801,117,17,79084
2802,117,18,78973
2803,117,19,79135
2804,117,20,79353
2805,117,21,79883
2806,117,22,79654
2807,117,23,79850
2808,117,24,79797
2809,118,1,79915
2810,118,2,79968
2811,118,3,79876
2812,118,4,79924
2813,118,5,80077
2814,118,6,80169
2815,118,7,80163
2816,118,8,80326
2817,118,9,80577
2818,118,10,80399
2819,118,11,80392
2820,118,12,80593
2821,118,13,80880
2822,118,14,81096
2823,118,15,81116
2824,118,16,81170
2825,118,17,81323
2826,118,18,81522
2827,118,19,81654
2828,118,20,81929
2829,118,21,81947
2830,118,22,81960
2831,118,23,82145
2832,118,24,82242
2833,119,1,82341
2834,119,2,82571
2835,119,3,82416
2836,119,4,82561
2837,119,5,82911
2838,119,6,82812
2839,119,7,82721
2840,119,8,82749
2841,119,9,83050
2842,119,10,83154
2843,119,11,82954
2844,119,12,82753
2845,119,13,82761
2846,119,14,82820
2847,119,15,83065
2848,119,16,83367
2849,119,17,83614
2850,119,18,83881
2851,119,19,83865
2852,119,20,83689
2853,119,21,83800
2854,119,22,83685
2855,119,23,83804
2856,119,24,83789
2857,120,1,83903
2858,120,2,83873
2859,120,3,84154
2860,120,4,84510
2861,120,5,84426
2862,120,6,84539
2863,120,7,84416
2864,120,8,84505
2865,120,9,84332
2866,120,10,84332
2867,120,11,84650
2868,120,12,84677
2869,120,13,84756
2870,120,14,84865
2871,120,15,85027
2872,120,16,85150
2873,120,17,85129
2874,120,18,84895
2875,120,19,84637
2876,120,20,84786
2877,120,21,85034
2878,120,22,85341
2879,120,23,85396
2880,120,24,85393
2881,121,1,85442
2882,121,2,85591
2883,121,3,85611
2884,121,4,85628
2885,121,5,85582
2886,121,6,85643
2887,121,7,85947
2888,121,8,86422
2889,121,9,86750
2890,121,10,86635
2891,121,11,86552
2892,121,12,86424
2893,121,13,86439
2894,121,14,86558
2895,121,15,86482
2896,121,16,86270
2897,121,17,86304
2898,121,18,86071
2899,121,19,86183
2900,121,20,86350
2901,121,21,86073
2902,121,22,85811
2903,121,23,85434
2904,121,24,85382
2905,122,1,85830
2906,122,2,86106
2907,122,3,86056
2908,122,4,86718
2909,122,5,86994
2910,122,6,87001
2911,122,7,87020
2912,122,8,87129
2913,122,9,87351
2914,122,10,87100
2915,122,11,86935
2916,122,12,86686
2917,122,13,86940
2918,122,14,86852
2919,122,15,86903
2920,122,16,87083
2921,122,17,87418
2922,122,18,87550
2923,122,19,87331
2924,122,20,87469
2925,122,21,87089
2926,122,22,87138
2927,122,23,87531
2928,122,24,87859
2929,123,1,88075
2930,123,2,88410
2931,123,3,89035
2932,123,4,89199
2933,123,5,89783
2934,123,6,89766
2935,123,7,89817
2936,123,8,90129
2937,123,9,89892
2938,123,10,90066
2939,123,11,90487
2940,123,12,90495
2941,123,13,90253
2942,123,14,90020
2943,123,15,90168
2944,123,16,90231
2945,123,17,90285
2946,123,18,90116
2947,123,19,90182
2948,123,20,90360
2949,123,21,90931
2950,123,22,90999
2951,123,23,91158
2952,123,24,91357
2953,124,1,91599
2954,124,2,91986
2955,124,3,91979
2956,124,4,91783
2957,124,5,91720
2958,124,6,91614
2959,124,7,91739
2960,124,8,91702
2961,124,9,92203
2962,124,10,92226
2963,124,11,92215
2964,124,12,92505
2965,124,13,92488
2966,124,14,92589
2967,124,15,92483
2968,124,16,92700
2969,124,17,92440
2970,124,18,92831
2971,124,19,92942
2972,124,20,93143
2973,124,21,93139
2974,124,22,93039
2975,124,23,93223
2976,124,24,93002
2977,125,1,93122
2978,125,2,93160
2979,125,3,93369
2980,125,4,93498
2981,125,5,93231
2982,125,6,93337
2983,125,7,93467
2984,125,8,93571
2985,125,9,93673
2986,125,10,93693
2987,125,11,93644
2988,125,12,93458
2989,125,13,93368
2990,125,14,93665
2991,125,15,93515
2992,125,16,93512
2993,125,17,93806
2994,125,18,93607
2995,125,19,93714
2996,125,20,93833
2997,125,21,94280
2998,125,22,94382
2999,125,23,94468
3000,125,24,94513
3001,126,1,94427
3002,126,2,94665
3003,126,3,94593
3004,126,4,94594
3005,126,5,94573
3006,126,6,94369
3007,126,7,94474
3008,126,8,94492
3009,126,9,94563
3010,126,10,94439
3011,126,11,94813
3012,126,12,94656
3013,126,13,94640
3014,126,14,94837
3015,126,15,95007
3016,126,16,95249
3017,126,17,95144
3018,126,18,95151
3019,126,19,94997
3020,126,20,95070
3021,126,21,95396
3022,126,22,95428
3023,126,23,95381
3024,126,24,96036
3025,127,1,96112
3026,127,2,96062
3027,127,3,95971
3028,127,4,96400
3029,127,5,96705
3030,127,6,96625
3031,127,7,97101
3032,127,8,97121
3033,127,9,97195
3034,127,10,97060
3035,127,11,96840
3036,127,12,96948
3037,127,13,96859
3038,127,14,96990
3039,127,15,96957
3040,127,16,97316
3041,127,17,97162
3042,127,18,97033
3043,127,19,97434
3044,127,20,97437
3045,127,21,97641
3046,127,22,97583
3047,127,23,97496
3048,127,24,97159
3049,128,1,97397
3050,128,2,97542
3051,128,3,97700
3052,128,4,97853
3053,128,5,98335
3054,128,6,97921
3055,128,7,98091
3056,128,8,98157
3057,128,9,98169
3058,128,10,98402
3059,128,11,98618
3060,128,12,99045
3061,128,13,98859
3062,128,14,99127
3063,128,15,99430
3064,128,16,99827
3065,128,17,99684
3066,128,18,99799
3067,128,19,99783
3068,128,20,99626
3069,128,21,99941
3070,128,22,99633
3071,128,23,99627
3072,128,24,99784
3073,129,1,100361
3074,129,2,100473
3075,129,3,100577
3076,129,4,100794
3077,129,5,100981
3078,129,6,101052
3079,129,7,100929
3080,129,8,100868
3081,129,9,101023
3082,129,10,101278
3083,129,11,101242
3084,129,12,101161
3085,129,13,101418
3086,129,14,101391
3087,129,15,101447
3088,129,16,101312
3089,129,17,101296
3090,129,18,101296
3091,129,19,101237
3092,129,20,101239
3093,129,21,101171
3094,129,22,101128
3095,129,23,101304
3096,129,24,101126
3097,130,1,101061
3098,130,2,101257
3099,130,3,101288
3100,130,4,101277
3101,130,5,101240
3102,130,6,100877
3103,130,7,101151
3104,130,8,101029
3105,130,9,100995
3106,130,10,100343
3107,130,11,100233
3108,130,12,100199
3109,130,13,100345
3110,130,14,100560
3111,130,15,100733
3112,130,16,100628
3113,130,17,100916
3114,130,18,101180
3115,130,19,101391
3116,130,20,101355
3117,130,21,101597
3118,130,22,101812
3119,130,23,102319
3120,130,24,102517
3121,131,1,102561
3122,131,2,102505
3123,131,3,102897
3124,131,4,102986
3125,131,5,102763
3126,131,6,103005
3127,131,7,102969
3128,131,8,103286
3129,131,9,103376
3130,131,10,103460
3131,131,11,103810
3132,131,12,103784
3133,131,13,104143
3134,131,14,104500
3135,131,15,104812
3136,131,16,104494
3137,131,17,104935
3138,131,18,105099
3139,131,19,105140
3140,131,20,105228
3141,131,21,105322
3142,131,22,105384
3143,131,23,105268
3144,131,24,105789
3145,132,1,105500
3146,132,2,105258
3147,132,3,105245
3148,132,4,105159
3149,132,5,105122
3150,132,6,104875
3151,132,7,104880
3152,132,8,105059
3153,132,9,104792
3154,132,10,104908
3155,132,11,104538
3156,132,12,104640
3157,132,13,104461
3158,132,14,104333
3159,132,15,104729
3160,132,16,104857
3161,132,17,104807
3162,132,18,105113
3163,132,19,105151
3164,132,20,105051
3165,132,21,105033
3166,132,22,105011
3167,132,23,104858
3168,132,24,104738
3169,133,1,104959
3170,133,2,105137
3171,133,3,105340
3172,133,4,105448
3173,133,5,105024
3174,133,6,105286
3175,133,7,105480
3176,133,8,105778
3177,133,9,105603
3178,133,10,105703
3179,133,11,105949
3180,133,12,106031
3181,133,13,106499
3182,133,14,106180
3183,133,15,106384
3184,133,16,106479
3185,133,17,106466
3186,133,18,106574
3187,133,19,107116
3188,133,20,106869
3189,133,21,107140
3190,133,22,106989
3191,133,23,107280
3192,133,24,107716
3193,134,1,107985
3194,134,2,107655
3195,134,3,107680
3196,134,4,107399
3197,134,5,107531
3198,134,6,107626
3199,134,7,107691
3200,134,8,108167
3201,134,9,108389
3202,134,10,108362
3203,134,11,108308
3204,134,12,108394
3205,134,13,108441
3206,134,14,108587
3207,134,15,108755
3208,134,16,108877
3209,134,17,108805
3210,134,18,108787
3211,134,19,109246
3212,134,20,109387
3213,134,21,109589
3214,134,22,109708
3215,134,23,110041
3216,134,24,110296
3217,135,1,110690
3218,135,2,110881
3219,135,3,111102
3220,135,4,111234
3221,135,5,111401
3222,135,6,111307
3223,135,7,111425
3224,135,8,111588
3225,135,9,111707
3226,135,10,112013
3227,135,11,111962
3228,135,12,112113
3229,135,13,112484
3230,135,14,112989
3231,135,15,113271
3232,135,16,113004
3233,135,17,113149
3234,135,18,113466
3235,135,19,113307
3236,135,20,113653
3237,135,21,113659
3238,135,22,114070
3239,135,23,114589
3240,135,24,114711
3241,136,1,114597
3242,136,2,114734
3243,136,3,114796
3244,136,4,114876
3245,136,5,114786
3246,136,6,115110
3247,136,7,115017
3248,136,8,115114
3249,136,9,115522
3250,136,10,115634
3251,136,11,116206
3252,136,12,116606
3253,136,13,116761
3254,136,14,116934
3255,136,15,116839
3256,136,16,116843
3257,136,17,116834
3258,136,18,117098
3259,136,19,116709
3260,136,20,116959
3261,136,21,116867
3262,136,22,116488
3263,136,23,116691
3264,136,24,116872
3265,137,1,116654
3266,137,2,116618
3267,137,3,116460
3268,137,4,116271
3269,137,5,116491
3270,137,6,116786
3271,137,7,116956
3272,137,8,116844
3273,137,9,116865
3274,137,10,116992
3275,137,11,117179
3276,137,12,116826
3277,137,13,117188
3278,137,14,117271
3279,137,15,117718
3280,137,16,117217
3281,137,17,117516
3282,137,18,117714
3283,137,19,118321
3284,137,20,118743
3285,137,21,118646
3286,137,22,118520
3287,137,23,118718
3288,137,24,119176
3289,138,1,119396
3290,138,2,119207
3291,138,3,119651
3292,138,4,119819
3293,138,5,120053
3294,138,6,120122
3295,138,7,119979
3296,138,8,119723
3297,138,9,119657
3298,138,10,119444
3299,138,11,119832
3300,138,12,119922
3301,138,13,120256
3302,138,14,120495
3303,138,15,120234
3304,138,16,120027
3305,138,17,119914
3306,138,18,119959
3307,138,19,120019
3308,138,20,119568
3309,138,21,119355
3310,138,22,119216
3311,138,23,119392
3312,138,24,119880
3313,139,1,120111
3314,139,2,120327
3315,139,3,120436
3316,139,4,120710
3317,139,5,120828
3318,139,6,121158
3319,139,7,121284
3320,139,8,121396
3321,139,9,121872
3322,139,10,121830
3323,139,11,122053
3324,139,12,122060
3325,139,13,121803
3326,139,14,122119
3327,139,15,122232
3328,139,16,122302
3329,139,17,121990
3330,139,18,122129
3331,139,19,122040
3332,139,20,121917
3333,139,21,121993
3334,139,22,122099
3335,139,23,122272
3336,139,24,122080
3337,140,1,121956
3338,140,2,122489
3339,140,3,122607
3340,140,4,122971
3341,140,5,123464
3342,140,6,122723
3343,140,7,122861
3344,140,8,122555
3345,140,9,122409
3346,140,10,122595
3347,140,11,122528
3348,140,12,122953
3349,140,13,123089
3350,140,14,123332
3351,140,15,123466
3352,140,16,123420
3353,140,17,123165
3354,140,18,123570
3355,140,19,123768
3356,140,20,124020
3357,140,21,124005
3358,140,22,124067
3359,140,23,124567
3360,140,24,124588
3361,141,1,124387
3362,141,2,124310
3363,141,3,124410
3364,141,4,124223
3365,141,5,124653
3366,141,6,124766
3367,141,7,124939
3368,141,8,125165
3369,141,9,125520
3370,141,10,125170
3371,141,11,125569
3372,141,12,125910
3373,141,13,126151
3374,141,14,126661
3375,141,15,126654
3376,141,16,126738
3377,141,17,126751
3378,141,18,126537
3379,141,19,126662
3380,141,20,126504
3381,141,21,126751
3382,141,22,126865
3383,141,23,127297
3384,141,24,127559
3385,142,1,127555
3386,142,2,128195
3387,142,3,128131
3388,142,4,128289
3389,142,5,128551
3390,142,6,128508
3391,142,7,128686
3392,142,8,128548
3393,142,9,128627
3394,142,10,128594
3395,142,11,128830
3396,142,12,128945
3397,142,13,129214
3398,142,14,129668
3399,142,15,129571
3400,142,16,129387
3401,142,17,129333
3402,142,18,129235
3403,142,19,128916
3404,142,20,129342
3405,142,21,129625
3406,142,22,129491
3407,142,23,129501
3408,142,24,129483
3409,143,1,129819
3410,143,2,129500
3411,143,3,129787
3412,143,4,129818
3413,143,5,129965
3414,143,6,129958
3415,143,7,129928
3416,143,8,130011
3417,143,9,129503
3418,143,10,129564
3419,143,11,129856
3420,143,12,129277
3421,143,13,129311
3422,143,14,129297
3423,143,15,129341
3424,143,16,129510
3425,143,17,129801
3426,143,18,129834
3427,143,19,129633
3428,143,20,129846
3429,143,21,129850
3430,143,22,130035
3431,143,23,130132
3432,143,24,130103
3433,144,1,130251
3434,144,2,130404
3435,144,3,130193
3436,144,4,129488
3437,144,5,129301
3438,144,6,129441
3439,144,7,129427
3440,144,8,129614
3441,144,9,129311
3442,144,10,129443
3443,144,11,129098
3444,144,12,129649
3445,144,13,129271
3446,144,14,129375
3447,144,15,129519
3448,144,16,129557
3449,144,17,129161
3450,144,18,129969
3451,144,19,130111
3452,144,20,129886
3453,144,21,129663
3454,144,22,129702
3455,144,23,129817
3456,144,24,129820
3457,145,1,129773
3458,145,2,130073
3459,145,3,130182
3460,145,4,130272
3461,145,5,130692
3462,145,6,130985
3463,145,7,130961
3464,145,8,131211
3465,145,9,131156
3466,145,10,130985
3467,145,11,130760
3468,145,12,130755
3469,145,13,130975
3470,145,14,130956
3471,145,15,131285
3472,145,16,131236
3473,145,17,130930
3474,145,18,131267
3475,145,19,131658
3476,145,20,131797
3477,145,21,131697
3478,145,22,131999
3479,145,23,131876
3480,145,24,132494
3481,146,1,132672
3482,146,2,132404
3483,146,3,132331
3484,146,4,132030
3485,146,5,132335
3486,146,6,132704
3487,146,7,132968
3488,146,8,133123
3489,146,9,132698
3490,146,10,133120
3491,146,11,133300
3492,146,12,133664
3493,146,13,133770
3494,146,14,134144
3495,146,15,134188
3496,146,16,134132
3497,146,17,134310
3498,146,18,134785
3499,146,19,134793
3500,146,20,134378
3501,146,21,134137
3502,146,22,133820
3503,146,23,134164
3504,146,24,134436
3505,147,1,134638
3506,147,2,134631
3507,147,3,134544
3508,147,4,134482
3509,147,5,134635
3510,147,6,134810
3511,147,7,135085
3512,147,8,135049
3513,147,9,134632
3514,147,10,134825
3515,147,11,134688
3516,147,12,135130
3517,147,13,135237
3518,147,14,135495
3519,147,15,135181
3520,147,16,134909
3521,147,17,135556
3522,147,18,135526
3523,147,19,135737
3524,147,20,135741
3525,147,21,135756
3526,147,22,135811
3527,147,23,135919
3528,147,24,135715
3529,148,1,136072
3530,148,2,135975
3531,148,3,135723
3532,148,4,135905
3533,148,5,136035
3534,148,6,136617
3535,148,7,136895
3536,148,8,137012
3537,148,9,136764
3538,148,10,137291
3539,148,11,137666
3540,148,12,137942
3541,148,13,137560
3542,148,14,137956
3543,148,15,137757
3544,148,16,137810
3545,148,17,137731
3546,148,18,137428
3547,148,19,137465
3548,148,20,137499
3549,148,21,137861
3550,148,22,138373
3551,148,23,138240
3552,148,24,138504
3553,149,1,138711
3554,149,2,138478
3555,149,3,138541
3556,149,4,138447
3557,149,5,138170
3558,149,6,138749
3559,149,7,138890
3560,149,8,138923
3561,149,9,138988
3562,149,10,139049
3563,149,11,138851
3564,149,12,138910
3565,149,13,139275
3566,149,14,139656
3567,149,15,139898
3568,149,16,140447
3569,149,17,140355
3570,149,18,140238
3571,149,19,140407
3572,149,20,140143
3573,149,21,140459
3574,149,22,140938
3575,149,23,140907
3576,149,24,140698
3577,150,1,140833
3578,150,2,140633
3579,150,3,140654
3580,150,4,141069
3581,150,5,141376
3582,150,6,141482
3583,150,7,141622
3584,150,8,141064
3585,150,9,141263
3586,150,10,141462
3587,150,11,141301
3588,150,12,141634
3589,150,13,142145
3590,150,14,142266
3591,150,15,142344
3592,150,16,142573
3593,150,17,142833
3594,150,18,143481
3595,150,19,143818
3596,150,20,143680
3597,150,21,143960
3598,150,22,143957
3599,150,23,143982
3600,150,24,143972
