validation,target,horizon,fold,train_seeds,test_seeds,model,r2,mae,rmse,mae_reduction_vs_baseline_pct,rmse_reduction_vs_baseline_pct
LOSO,absolute,20,1,"1002,1003,1004,1005,1006,1007,1008,1009,1010",1001,Persistence,0.9959496186636065,0.22462183240223463,0.2967854975403981,0.0,0.0
LOSO,absolute,20,1,"1002,1003,1004,1005,1006,1007,1008,1009,1010",1001,N,0.9778327982578034,0.5883021224988793,0.6943047805633102,-161.9078102102717,-133.94161315742937
LOSO,absolute,20,1,"1002,1003,1004,1005,1006,1007,1008,1009,1010",1001,N+H,0.9901115251821019,0.37263650334448184,0.4637237877910544,-65.89505096601407,-56.24880313699722
LOSO,absolute,20,1,"1002,1003,1004,1005,1006,1007,1008,1009,1010",1001,Spatial,0.9926634231422748,0.3028671943779585,0.3994307119717239,-34.834263944391836,-34.58565707623697
LOSO,absolute,20,2,"1001,1003,1004,1005,1006,1007,1008,1009,1010",1002,Persistence,0.9950376998335783,0.2494570055865922,0.32988178698301324,0.0,0.0
LOSO,absolute,20,2,"1001,1003,1004,1005,1006,1007,1008,1009,1010",1002,N,0.9788333747100214,0.5091869320168811,0.681306659206784,-104.11811278642594,-106.53054702952329
LOSO,absolute,20,2,"1001,1003,1004,1005,1006,1007,1008,1009,1010",1002,N+H,0.9867291915965447,0.3927423486426347,0.5394677815605101,-57.43889321492913,-63.53366655804165
LOSO,absolute,20,2,"1001,1003,1004,1005,1006,1007,1008,1009,1010",1002,Spatial,0.9871354601660157,0.3820358337244566,0.5311460438448552,-53.146965276083726,-61.01102419219214
LOSO,absolute,20,3,"1001,1002,1004,1005,1006,1007,1008,1009,1010",1003,Persistence,0.994493402730494,0.22141277094972067,0.2937856597902856,0.0,0.0
LOSO,absolute,20,3,"1001,1002,1004,1005,1006,1007,1008,1009,1010",1003,N,0.9813116589429973,0.4771653559322124,0.5412205912189414,-115.50940981654986,-84.2229438990601
LOSO,absolute,20,3,"1001,1002,1004,1005,1006,1007,1008,1009,1010",1003,N+H,0.9915099224049966,0.29743950971248506,0.36479154635861427,-34.337106408387285,-24.169282673298333
LOSO,absolute,20,3,"1001,1002,1004,1005,1006,1007,1008,1009,1010",1003,Spatial,0.9947014296871083,0.22292676416935228,0.2881829526154159,-0.6837876664193926,1.9070730609755158
LOSO,absolute,20,4,"1001,1002,1003,1005,1006,1007,1008,1009,1010",1004,Persistence,0.9952397401736207,0.2324384469273743,0.3164485273242685,0.0,0.0
LOSO,absolute,20,4,"1001,1002,1003,1005,1006,1007,1008,1009,1010",1004,N,0.9806362803035261,0.5339690445895439,0.6382372437591047,-129.72492358649393,-101.68753798784331
LOSO,absolute,20,4,"1001,1002,1003,1005,1006,1007,1008,1009,1010",1004,N+H,0.9893437802355383,0.40891221197719985,0.4734665850270456,-75.9227947797143,-49.61883028195574
LOSO,absolute,20,4,"1001,1002,1003,1005,1006,1007,1008,1009,1010",1004,Spatial,0.9925537833867195,0.30715375608012574,0.3957815843953772,-32.14412681740914,-25.069813957394473
LOSO,absolute,20,5,"1001,1002,1003,1004,1006,1007,1008,1009,1010",1005,Persistence,0.9954131717826183,0.24921087150837987,0.32397877375400824,0.0,0.0
LOSO,absolute,20,5,"1001,1002,1003,1004,1006,1007,1008,1009,1010",1005,N,0.9812312687871193,0.5492201768792362,0.6553567500388991,-120.38371502615944,-102.28385410721405
LOSO,absolute,20,5,"1001,1002,1003,1004,1006,1007,1008,1009,1010",1005,N+H,0.9918230124118949,0.34606064921672464,0.4325705898864051,-38.86258136418745,-33.51818851405643
LOSO,absolute,20,5,"1001,1002,1003,1004,1006,1007,1008,1009,1010",1005,Spatial,0.9944300120445705,0.2847500278715186,0.3570158090294048,-14.260676570020223,-10.197283881468424
LOSO,absolute,20,6,"1001,1002,1003,1004,1005,1007,1008,1009,1010",1006,Persistence,0.9951663009030716,0.22556016759776537,0.3012689365070137,0.0,0.0
LOSO,absolute,20,6,"1001,1002,1003,1004,1005,1007,1008,1009,1010",1006,N,0.9850544666110754,0.4572512856057293,0.5297491373062833,-102.71809977599045,-75.83928281764636
LOSO,absolute,20,6,"1001,1002,1003,1004,1005,1007,1008,1009,1010",1006,N+H,0.9937873092780375,0.28680892559854154,0.341550099116712,-27.154066541570952,-13.370499818775894
LOSO,absolute,20,6,"1001,1002,1003,1004,1005,1007,1008,1009,1010",1006,Spatial,0.9921353642590605,0.2548428797000971,0.38428537352278697,-12.982217744469281,-27.555591352459466
LOSO,absolute,20,7,"1001,1002,1003,1004,1005,1006,1008,1009,1010",1007,Persistence,0.9918555500645867,0.256580782122905,0.3710372085511809,0.0,0.0
LOSO,absolute,20,7,"1001,1002,1003,1004,1005,1006,1008,1009,1010",1007,N,0.9745763102969467,0.5517246888289637,0.6555500798231378,-115.02962313236755,-76.68041498665794
LOSO,absolute,20,7,"1001,1002,1003,1004,1005,1006,1008,1009,1010",1007,N+H,0.9848681007380462,0.40797086875088867,0.5057469887612097,-59.00289389384826,-36.30627255310621
LOSO,absolute,20,7,"1001,1002,1003,1004,1005,1006,1008,1009,1010",1007,Spatial,0.9907376675274058,0.2978940266973663,0.395682431632636,-16.101457105494276,-6.6422511040575465
LOSO,absolute,20,8,"1001,1002,1003,1004,1005,1006,1007,1009,1010",1008,Persistence,0.9926595528853046,0.2920600558659218,0.3960648394260267,0.0,0.0
LOSO,absolute,20,8,"1001,1002,1003,1004,1005,1006,1007,1009,1010",1008,N,0.9779900520581232,0.5523187222729351,0.6858269395232302,-89.11135267552375,-73.16026853510245
LOSO,absolute,20,8,"1001,1002,1003,1004,1005,1006,1007,1009,1010",1008,N+H,0.9859956349009763,0.45476552381688606,0.5470622469265671,-55.70959283307768,-38.12441612321972
LOSO,absolute,20,8,"1001,1002,1003,1004,1005,1006,1007,1009,1010",1008,Spatial,0.9923697904681368,0.3063326057659559,0.40380646220727956,-4.886854471666018,-1.954635203789341
LOSO,absolute,20,9,"1001,1002,1003,1004,1005,1006,1007,1008,1010",1009,Persistence,0.9858677236612863,0.37952381005586594,0.6119066203579591,0.0,0.0
LOSO,absolute,20,9,"1001,1002,1003,1004,1005,1006,1007,1008,1010",1009,N,0.9780339175299768,0.5656007863186495,0.7628785367592504,-49.029065194985535,-24.672378330042314
LOSO,absolute,20,9,"1001,1002,1003,1004,1005,1006,1007,1008,1010",1009,N+H,0.9863213508361669,0.44270032788828184,0.6020058296342151,-16.646259380436845,1.6180231418238433
LOSO,absolute,20,9,"1001,1002,1003,1004,1005,1006,1007,1008,1010",1009,Spatial,0.9886759053836986,0.37209721664212103,0.5477480450114763,1.9568188390213814,10.485027161325796
LOSO,absolute,20,10,"1001,1002,1003,1004,1005,1006,1007,1008,1009",1010,Persistence,0.9903242947064932,0.3182843798882682,0.4565368072015282,0.0,0.0
LOSO,absolute,20,10,"1001,1002,1003,1004,1005,1006,1007,1008,1009",1010,N,0.9747363929676857,0.6084398520864601,0.7377040367763805,-91.16233485917508,-61.58697943728711
LOSO,absolute,20,10,"1001,1002,1003,1004,1005,1006,1007,1008,1009",1010,N+H,0.9863982864780254,0.42885712677804966,0.541291606801323,-34.740236680354016,-18.56472430324367
LOSO,absolute,20,10,"1001,1002,1003,1004,1005,1006,1007,1008,1009",1010,Spatial,0.9893544461723698,0.3700189455810443,0.47887108162220654,-16.254195606751807,-4.89210816485588
LOSO,residual,20,1,"1002,1003,1004,1005,1006,1007,1008,1009,1010",1001,ZeroResidual,-0.004207164706787392,0.5939696421087187,0.6970348717006613,0.0,0.0
LOSO,residual,20,1,"1002,1003,1004,1005,1006,1007,1008,1009,1010",1001,H,0.3663873296299649,0.4115750341407855,0.5536748219067692,30.707732354871457,20.567127358221676
LOSO,residual,20,1,"1002,1003,1004,1005,1006,1007,1008,1009,1010",1001,SpatialResidual,0.6353468632052128,0.3254497569853357,0.4200324319755137,45.207678320070414,39.74011214809137
LOSO,residual,20,2,"1001,1003,1004,1005,1006,1007,1008,1009,1010",1002,ZeroResidual,-0.10396362651081748,0.5136827807064787,0.6785141713238607,0.0,0.0
LOSO,residual,20,2,"1001,1003,1004,1005,1006,1007,1008,1009,1010",1002,H,-0.028395664972679313,0.4199617809391624,0.6548798971550883,18.244917541993484,3.483239579603644
LOSO,residual,20,2,"1001,1003,1004,1005,1006,1007,1008,1009,1010",1002,SpatialResidual,0.3259709164506511,0.3811504901008158,0.5301769697436786,25.80041527251282,21.862063881548544
LOSO,residual,20,3,"1001,1002,1004,1005,1006,1007,1008,1009,1010",1003,ZeroResidual,-0.002693886276387669,0.48220878627755553,0.5424251911655036,0.0,0.0
LOSO,residual,20,3,"1001,1002,1004,1005,1006,1007,1008,1009,1010",1003,H,0.4676091545209424,0.3055755461476264,0.3952491610827235,36.630033536605964,27.13296367496215
LOSO,residual,20,3,"1001,1002,1004,1005,1006,1007,1008,1009,1010",1003,SpatialResidual,0.5766389635246651,0.2774381210536411,0.35246103332389694,42.46514602204907,35.021263933821466
LOSO,residual,20,4,"1001,1002,1003,1005,1006,1007,1008,1009,1010",1004,ZeroResidual,-0.009454390339185714,0.5409859278724337,0.6440674763745924,0.0,0.0
LOSO,residual,20,4,"1001,1002,1003,1005,1006,1007,1008,1009,1010",1004,H,0.38004413003234616,0.3888640163463228,0.5047407940881263,28.119384199949426,21.632311426548895
LOSO,residual,20,4,"1001,1002,1003,1005,1006,1007,1008,1009,1010",1004,SpatialResidual,0.5439761864238284,0.3458829193273298,0.43289421236345615,36.06434076989704,32.78744413548325
LOSO,residual,20,5,"1001,1002,1003,1004,1006,1007,1008,1009,1010",1005,ZeroResidual,-0.0004916086496726813,0.5564511397772806,0.6605510407619837,0.0,0.0
LOSO,residual,20,5,"1001,1002,1003,1004,1006,1007,1008,1009,1010",1005,H,0.35865659826093244,0.3852579019081925,0.5288651763819012,30.765187746332614,19.935759124408495
LOSO,residual,20,5,"1001,1002,1003,1004,1006,1007,1008,1009,1010",1005,SpatialResidual,0.6474320184937368,0.31346671819630334,0.3921218930071125,43.666802745382405,40.637154616427935
LOSO,residual,20,6,"1001,1002,1003,1004,1005,1007,1008,1009,1010",1006,ZeroResidual,-0.010352566079028458,0.4692178431654466,0.5397346847827222,0.0,0.0
LOSO,residual,20,6,"1001,1002,1003,1004,1005,1007,1008,1009,1010",1006,H,0.4573239013736652,0.3079311496363038,0.39556166889831007,34.37352093029271,26.711830821554678
LOSO,residual,20,6,"1001,1002,1003,1004,1005,1007,1008,1009,1010",1006,SpatialResidual,0.39257776466230476,0.29194687468720515,0.4184939619096238,37.78009959773323,22.4630223499358
LOSO,residual,20,7,"1001,1002,1003,1004,1005,1006,1008,1009,1010",1007,ZeroResidual,-0.04656069832035126,0.5553975779201132,0.6569903054907973,0.0,0.0
LOSO,residual,20,7,"1001,1002,1003,1004,1005,1006,1008,1009,1010",1007,H,0.440675024998746,0.3765997205620026,0.48029587456859646,32.192768651905865,26.894526364464877
LOSO,residual,20,7,"1001,1002,1003,1004,1005,1006,1008,1009,1010",1007,SpatialResidual,0.4711241087738228,0.3622342251325592,0.46703952450802894,34.77929333270122,28.912265431507052
LOSO,residual,20,8,"1001,1002,1003,1004,1005,1006,1007,1009,1010",1008,ZeroResidual,-8.782773661009102e-05,0.5560416939570558,0.6868453240491791,0.0,0.0
LOSO,residual,20,8,"1001,1002,1003,1004,1005,1006,1007,1009,1010",1008,H,0.22808379460929817,0.4383924985311612,0.6034273000744063,21.158340589290578,12.145095999634407
LOSO,residual,20,8,"1001,1002,1003,1004,1005,1006,1007,1009,1010",1008,SpatialResidual,0.519892519431931,0.3804182059622103,0.4758927752806099,31.584589771501783,30.7132539717872
LOSO,residual,20,9,"1001,1002,1003,1004,1005,1006,1007,1008,1010",1009,ZeroResidual,-0.021548676838855974,0.5695942973173361,0.7631937759834179,0.0,0.0
LOSO,residual,20,9,"1001,1002,1003,1004,1005,1006,1007,1008,1010",1009,H,0.130766354320352,0.46149543385243036,0.7040014462130293,18.97822080979877,7.755871658428549
LOSO,residual,20,9,"1001,1002,1003,1004,1005,1006,1007,1008,1010",1009,SpatialResidual,0.4557138737003692,0.3769266125553409,0.5570817347847848,33.825423756771734,27.006514948716156
LOSO,residual,20,10,"1001,1002,1003,1004,1005,1006,1007,1008,1009",1010,ZeroResidual,-0.01953367398272876,0.6095267132334744,0.7423280073720667,0.0,0.0
LOSO,residual,20,10,"1001,1002,1003,1004,1005,1006,1007,1008,1009",1010,H,0.4091913226194104,0.4259038735220411,0.5650911317577858,30.125478625429498,23.875816869920005
LOSO,residual,20,10,"1001,1002,1003,1004,1005,1006,1007,1008,1009",1010,SpatialResidual,0.5323110682351619,0.39801766572053904,0.5027749195256128,34.700537797745135,32.27051727369166
LOSO,increment,20,1,"1002,1003,1004,1005,1006,1007,1008,1009,1010",1001,Persistence,-0.1066147456949369,0.22462183240223463,0.2967854975403981,0.0,0.0
LOSO,increment,20,1,"1002,1003,1004,1005,1006,1007,1008,1009,1010",1001,N,0.05711989610733059,0.20934996519593377,0.27395087040025007,6.798923792480347,7.69398347607596
LOSO,increment,20,1,"1002,1003,1004,1005,1006,1007,1008,1009,1010",1001,N+H,0.057264816473691305,0.20924405017924746,0.27392981651123144,6.846076384707731,7.701077451082527
LOSO,increment,20,1,"1002,1003,1004,1005,1006,1007,1008,1009,1010",1001,Spatial,0.059965758571431604,0.20906328801640217,0.27353712974262784,6.92655038000557,7.833390779010603
LOSO,increment,20,2,"1001,1003,1004,1005,1006,1007,1008,1009,1010",1002,Persistence,-0.09585363932790436,0.2494570055865922,0.32988178698301324,0.0,0.0
LOSO,increment,20,2,"1001,1003,1004,1005,1006,1007,1008,1009,1010",1002,N,0.07427191728228366,0.22754885336343944,0.30319621866830027,8.78233592664045,8.089433660090819
LOSO,increment,20,2,"1001,1003,1004,1005,1006,1007,1008,1009,1010",1002,N+H,0.07397066752754833,0.22768073933196353,0.3032455476011994,8.729466708470383,8.074480141938073
LOSO,increment,20,2,"1001,1003,1004,1005,1006,1007,1008,1009,1010",1002,Spatial,0.06930824562729865,0.22808307961273697,0.30400798754562575,8.568180285654819,7.843354940574461
LOSO,increment,20,3,"1001,1002,1004,1005,1006,1007,1008,1009,1010",1003,Persistence,-0.08235698071237296,0.22141277094972067,0.2937856597902856,0.0,0.0
LOSO,increment,20,3,"1001,1002,1004,1005,1006,1007,1008,1009,1010",1003,N,0.05626714323450699,0.20846923451365143,0.27432783107010394,5.845885212740739,6.6231376759748315
LOSO,increment,20,3,"1001,1002,1004,1005,1006,1007,1008,1009,1010",1003,N+H,0.05659747641240542,0.20864948061579888,0.2742798156201724,5.764477938275805,6.639481377013822
LOSO,increment,20,3,"1001,1002,1004,1005,1006,1007,1008,1009,1010",1003,Spatial,0.05855197716578375,0.20865623443641665,0.2739955477505348,5.761427608076334,6.736241671522584
LOSO,increment,20,4,"1001,1002,1003,1005,1006,1007,1008,1009,1010",1004,Persistence,-0.09535993134586174,0.2324384469273743,0.3164485273242685,0.0,0.0
LOSO,increment,20,4,"1001,1002,1003,1005,1006,1007,1008,1009,1010",1004,N,0.05705400378703818,0.22098383584004458,0.2936081213414398,4.928019111618284,7.217731798582153
LOSO,increment,20,4,"1001,1002,1003,1005,1006,1007,1008,1009,1010",1004,N+H,0.05786791399042435,0.22083473546982588,0.2934813790697372,4.9921652854504,7.257783263752267
LOSO,increment,20,4,"1001,1002,1003,1005,1006,1007,1008,1009,1010",1004,Spatial,0.05996130734274974,0.22101015844602792,0.2931551436954828,4.916694562546776,7.360875977443462
LOSO,increment,20,5,"1001,1002,1003,1004,1006,1007,1008,1009,1010",1005,Persistence,-0.10366222757343468,0.24921087150837987,0.32397877375400824,0.0,0.0
LOSO,increment,20,5,"1001,1002,1003,1004,1006,1007,1008,1009,1010",1005,N,0.08103479881797027,0.22911270505305478,0.29562965783463163,8.064722992892897,8.75030039495786
LOSO,increment,20,5,"1001,1002,1003,1004,1006,1007,1008,1009,1010",1005,N+H,0.08211663385512125,0.22921031779492848,0.29545559427748663,8.025554259489379,8.80402723487644
LOSO,increment,20,5,"1001,1002,1003,1004,1006,1007,1008,1009,1010",1005,Spatial,0.08216273655844974,0.22948508128064907,0.29544817423200137,7.915300848770358,8.806317522415739
LOSO,increment,20,6,"1001,1002,1003,1004,1005,1007,1008,1009,1010",1006,Persistence,-0.0837157606224912,0.22556016759776537,0.3012689365070137,0.0,0.0
LOSO,increment,20,6,"1001,1002,1003,1004,1005,1007,1008,1009,1010",1006,N,0.041686952248491616,0.21031151317786453,0.2833024695569997,6.760348949151918,5.963597561143082
LOSO,increment,20,6,"1001,1002,1003,1004,1005,1007,1008,1009,1010",1006,N+H,0.040901684223087376,0.21001292570571511,0.28341851869974743,6.892724924630834,5.925077445497171
LOSO,increment,20,6,"1001,1002,1003,1004,1005,1007,1008,1009,1010",1006,Spatial,0.04182632178099466,0.21004248048017032,0.28328186816349515,6.879622090575526,5.9704357681429245
LOSO,increment,20,7,"1001,1002,1003,1004,1005,1006,1008,1009,1010",1007,Persistence,-0.05339929668577392,0.256580782122905,0.3710372085511809,0.0,0.0
LOSO,increment,20,7,"1001,1002,1003,1004,1005,1006,1008,1009,1010",1007,N,0.03510367192491193,0.24423215323247546,0.35510867245995853,4.812764536867938,4.292975400882247
LOSO,increment,20,7,"1001,1002,1003,1004,1005,1006,1008,1009,1010",1007,N+H,0.035492711336454597,0.24392870925515797,0.3550370765831994,4.931029036183455,4.312271545610888
LOSO,increment,20,7,"1001,1002,1003,1004,1005,1006,1008,1009,1010",1007,Spatial,0.03562261348676998,0.2439847702383348,0.3550131671564759,4.909179783596024,4.3187154887444725
LOSO,increment,20,8,"1001,1002,1003,1004,1005,1006,1007,1009,1010",1008,Persistence,-0.05852933593908527,0.2920600558659218,0.3960648394260267,0.0,0.0
LOSO,increment,20,8,"1001,1002,1003,1004,1005,1006,1007,1009,1010",1008,N,0.036120344822784145,0.27690007682860085,0.3779429488492489,5.190706066385392,4.575485822735462
LOSO,increment,20,8,"1001,1002,1003,1004,1005,1006,1007,1009,1010",1008,N+H,0.03671022667562285,0.2765637885735342,0.3778272830576049,5.305849595365964,4.604689574275648
LOSO,increment,20,8,"1001,1002,1003,1004,1005,1006,1007,1009,1010",1008,Spatial,0.037174365831290745,0.27674511545698943,0.37773624837109093,5.24376411677574,4.6276743680396875
LOSO,increment,20,9,"1001,1002,1003,1004,1005,1006,1007,1008,1010",1009,Persistence,-0.0321375424302659,0.37952381005586594,0.6119066203579591,0.0,0.0
LOSO,increment,20,9,"1001,1002,1003,1004,1005,1006,1007,1008,1010",1009,N,0.02262418891642648,0.3718090977258593,0.5954525475424978,2.0327347390592014,2.688984277672275
LOSO,increment,20,9,"1001,1002,1003,1004,1005,1006,1007,1008,1010",1009,N+H,0.022925902785845387,0.3716992361588224,0.5953606329702534,2.0616819524160483,2.7040052905501164
LOSO,increment,20,9,"1001,1002,1003,1004,1005,1006,1007,1008,1010",1009,Spatial,0.022906058809374907,0.371502508672799,0.5953666787053928,2.113517299978152,2.7030172745786816
LOSO,increment,20,10,"1001,1002,1003,1004,1005,1006,1007,1008,1009",1010,Persistence,-0.04604520293676284,0.3182843798882682,0.4565368072015282,0.0,0.0
LOSO,increment,20,10,"1001,1002,1003,1004,1005,1006,1007,1008,1009",1010,N,0.03426006095919332,0.30553657079155966,0.4386626595526417,4.005163276056328,3.9151602602320636
LOSO,increment,20,10,"1001,1002,1003,1004,1005,1006,1007,1008,1009",1010,N+H,0.03471678477274154,0.3055489135820525,0.43855891973219074,4.001285363323956,3.937883470894284
LOSO,increment,20,10,"1001,1002,1003,1004,1005,1006,1007,1008,1009",1010,Spatial,0.03545694123394216,0.3056905511432955,0.43839074915741066,3.9567850453087443,3.9747196190705782
LOSO,absolute,50,1,"1002,1003,1004,1005,1006,1007,1008,1009,1010",1001,Persistence,0.9909000086783546,0.3307598985915493,0.44486235255778284,0.0,0.0
LOSO,absolute,50,1,"1002,1003,1004,1005,1006,1007,1008,1009,1010",1001,N,0.9782607334218304,0.5781880424923099,0.6875869242547877,-74.8059680010684,-54.56172461019335
LOSO,absolute,50,1,"1002,1003,1004,1005,1006,1007,1008,1009,1010",1001,N+H,0.9901485828260572,0.3665641191671095,0.4628651895798034,-10.82483720911232,-4.046833120067666
LOSO,absolute,50,1,"1002,1003,1004,1005,1006,1007,1008,1009,1010",1001,Spatial,0.9921461595871423,0.3107515271815169,0.413281724749748,6.049213189154008,7.098966146822426
LOSO,absolute,50,2,"1001,1003,1004,1005,1006,1007,1008,1009,1010",1002,Persistence,0.9906656175015116,0.3318993577464789,0.45242612766269896,0.0,0.0
LOSO,absolute,50,2,"1001,1003,1004,1005,1006,1007,1008,1009,1010",1002,N,0.9791049173783483,0.5088276782985074,0.6769037613113117,-53.30782251382815,-49.616416896234036
LOSO,absolute,50,2,"1001,1003,1004,1005,1006,1007,1008,1009,1010",1002,N+H,0.9869932726932918,0.3954799576758122,0.534058582249124,-19.156590226938402,-18.043267087192874
LOSO,absolute,50,2,"1001,1003,1004,1005,1006,1007,1008,1009,1010",1002,Spatial,0.9873453617911517,0.38481133307592774,0.526780569702325,-15.942174666654715,-16.4346039040124
LOSO,absolute,50,3,"1001,1002,1004,1005,1006,1007,1008,1009,1010",1003,Persistence,0.9898735450284605,0.29775665352112674,0.398316675205595,0.0,0.0
LOSO,absolute,50,3,"1001,1002,1004,1005,1006,1007,1008,1009,1010",1003,N,0.9812572043926006,0.4721223804122278,0.5418972596492267,-58.559808766365414,-36.0468424701329
LOSO,absolute,50,3,"1001,1002,1004,1005,1006,1007,1008,1009,1010",1003,N+H,0.9911434260372136,0.2992591187929229,0.3725054637265267,-0.5045950288696219,6.480073038806517
LOSO,absolute,50,3,"1001,1002,1004,1005,1006,1007,1008,1009,1010",1003,Spatial,0.9940294089520683,0.23744526183406148,0.3058499634631786,20.25526246814363,23.21437125239329
LOSO,absolute,50,4,"1001,1002,1003,1005,1006,1007,1008,1009,1010",1004,Persistence,0.9913825997533486,0.3150831323943662,0.4256702558266778,0.0,0.0
LOSO,absolute,50,4,"1001,1002,1003,1005,1006,1007,1008,1009,1010",1004,N,0.9813587627717019,0.5280895128146486,0.6260694881231628,-67.60323182063522,-47.07851430852207
LOSO,absolute,50,4,"1001,1002,1003,1005,1006,1007,1008,1009,1010",1004,N+H,0.9899185496845802,0.3934867923302571,0.460412047397266,-24.8834837143103,-8.161667651200462
LOSO,absolute,50,4,"1001,1002,1003,1005,1006,1007,1008,1009,1010",1004,Spatial,0.9929399314595716,0.2992514950683107,0.38529167976153966,5.024590559878078,9.485881503916792
LOSO,absolute,50,5,"1001,1002,1003,1004,1006,1007,1008,1009,1010",1005,Persistence,0.9914251935110494,0.33453758873239436,0.44301462632188693,0.0,0.0
LOSO,absolute,50,5,"1001,1002,1003,1004,1006,1007,1008,1009,1010",1005,N,0.9817165411819062,0.5418093704429874,0.6468969147524236,-61.957695843977426,-46.02157046670492
LOSO,absolute,50,5,"1001,1002,1003,1004,1006,1007,1008,1009,1010",1005,N+H,0.991974137205314,0.34019481176649413,0.4285996049723071,-1.6910575148029576,3.2538477271642328
LOSO,absolute,50,5,"1001,1002,1003,1004,1006,1007,1008,1009,1010",1005,Spatial,0.9943015815835061,0.28303419594290624,0.361146215655216,15.395397863851729,18.479843734817628
LOSO,absolute,50,6,"1001,1002,1003,1004,1005,1007,1008,1009,1010",1006,Persistence,0.9910666837350799,0.312308461971831,0.409479670140437,0.0,0.0
LOSO,absolute,50,6,"1001,1002,1003,1004,1005,1007,1008,1009,1010",1006,N,0.9857096884151512,0.4441126963103973,0.5179011067604625,-42.203222258657384,-26.47785580730804
LOSO,absolute,50,6,"1001,1002,1003,1004,1005,1007,1008,1009,1010",1006,N+H,0.9939953744463714,0.2812033336123953,0.3357136153675526,9.959745619137674,18.01458293340552
LOSO,absolute,50,6,"1001,1002,1003,1004,1005,1007,1008,1009,1010",1006,Spatial,0.9917604109684371,0.26912782634689375,0.39325908590534137,13.82627782555311,3.961267290640476
LOSO,absolute,50,7,"1001,1002,1003,1004,1005,1006,1008,1009,1010",1007,Persistence,0.9861456319336659,0.3358549971830986,0.48401509821828526,0.0,0.0
LOSO,absolute,50,7,"1001,1002,1003,1004,1005,1006,1008,1009,1010",1007,N,0.974814313674733,0.5506986279993518,0.6525930488320061,-63.96916306685964,-34.829068604321535
LOSO,absolute,50,7,"1001,1002,1003,1004,1005,1006,1008,1009,1010",1007,N+H,0.9849757727775158,0.4011422743760517,0.5040360738830604,-19.43912633146273,-4.136436185250132
LOSO,absolute,50,7,"1001,1002,1003,1004,1005,1006,1008,1009,1010",1007,Spatial,0.9901177456541599,0.30717230059179673,0.40878369240209644,8.54020241826709,15.543194022898085
LOSO,absolute,50,8,"1001,1002,1003,1004,1005,1006,1007,1009,1010",1008,Persistence,0.9884086776034905,0.3581867267605634,0.4975941080260294,0.0,0.0
LOSO,absolute,50,8,"1001,1002,1003,1004,1005,1006,1007,1009,1010",1008,N,0.9781343784012784,0.5499526241738054,0.6834230946206992,-53.537968630934635,-37.345495776037
LOSO,absolute,50,8,"1001,1002,1003,1004,1005,1006,1007,1009,1010",1008,N+H,0.9860731074782189,0.4516707770808306,0.5454260151648425,-26.09925028929348,-9.612635352247976
LOSO,absolute,50,8,"1001,1002,1003,1004,1005,1006,1007,1009,1010",1008,Spatial,0.991887814727676,0.31701309536060296,0.41627244803725655,11.495018749671235,16.34297084251626
LOSO,absolute,50,9,"1001,1002,1003,1004,1005,1006,1007,1008,1010",1009,Persistence,0.9821013558165765,0.44574197183098585,0.6884202562473382,0.0,0.0
LOSO,absolute,50,9,"1001,1002,1003,1004,1005,1006,1007,1008,1010",1009,N,0.978397045671748,0.5599096613321854,0.7563105300639029,-25.61295473976346,-9.8617484306233
LOSO,absolute,50,9,"1001,1002,1003,1004,1005,1006,1007,1008,1010",1009,N+H,0.9867239944608229,0.4371624721824076,0.5928943146089123,1.924768182214478,13.876108492093085
LOSO,absolute,50,9,"1001,1002,1003,1004,1005,1006,1007,1008,1010",1009,Spatial,0.9887425295265165,0.37637286853691027,0.5459639681559602,15.562614175444669,20.693215633706714
LOSO,absolute,50,10,"1001,1002,1003,1004,1005,1006,1007,1008,1009",1010,Persistence,0.9834401888985048,0.41502500281690136,0.59730773439387,0.0,0.0
LOSO,absolute,50,10,"1001,1002,1003,1004,1005,1006,1007,1008,1009",1010,N,0.9746423246953854,0.6067927205692263,0.7391373820996884,-46.20630478904618,-23.744820222316875
LOSO,absolute,50,10,"1001,1002,1003,1004,1005,1006,1007,1008,1009",1010,N+H,0.9860999848644837,0.42992628678739575,0.547240316880199,-3.5904545194518,8.38218134986614
LOSO,absolute,50,10,"1001,1002,1003,1004,1005,1006,1007,1008,1009",1010,Spatial,0.9886196027663785,0.3711573123083584,0.4951641108947952,10.569891021215478,17.100669825199418
LOSO,residual,50,1,"1002,1003,1004,1005,1006,1007,1008,1009,1010",1001,ZeroResidual,-0.004446098422994371,0.596776157733508,0.699257631700753,0.0,0.0
LOSO,residual,50,1,"1002,1003,1004,1005,1006,1007,1008,1009,1010",1001,H,0.36995651861294176,0.4085278651521877,0.5538079147412941,31.54420466398443,20.800590564266308
LOSO,residual,50,1,"1002,1003,1004,1005,1006,1007,1008,1009,1010",1001,SpatialResidual,0.6511683585888857,0.316424410587354,0.41208028063556257,46.977705713127,41.06889049844333
LOSO,residual,50,2,"1001,1003,1004,1005,1006,1007,1008,1009,1010",1002,ZeroResidual,-0.10544762433286459,0.5171040262833955,0.6811845539588077,0.0,0.0
LOSO,residual,50,2,"1001,1003,1004,1005,1006,1007,1008,1009,1010",1002,H,-0.01870425017165034,0.41235276377594543,0.6539126898192301,20.257290058314453,4.003594030587308
LOSO,residual,50,2,"1001,1003,1004,1005,1006,1007,1008,1009,1010",1002,SpatialResidual,0.35182191822109277,0.37284353439344237,0.5216063585178693,27.8977699954887,23.42657280079612
LOSO,residual,50,3,"1001,1002,1004,1005,1006,1007,1008,1009,1010",1003,ZeroResidual,-0.0024989779519606348,0.4858687325390611,0.5448776926146792,0.0,0.0
LOSO,residual,50,3,"1001,1002,1004,1005,1006,1007,1008,1009,1010",1003,H,0.4806877612879843,0.3014298943706926,0.3921672635678782,37.96063130148855,28.026551851296503
LOSO,residual,50,3,"1001,1002,1004,1005,1006,1007,1008,1009,1010",1003,SpatialResidual,0.6041436498972689,0.27246398008446393,0.3423937802708449,43.92230620385531,37.161351086366594
LOSO,residual,50,4,"1001,1002,1003,1005,1006,1007,1008,1009,1010",1004,ZeroResidual,-0.009661211263913172,0.5438291076133083,0.6462523540285969,0.0,0.0
LOSO,residual,50,4,"1001,1002,1003,1005,1006,1007,1008,1009,1010",1004,H,0.39316995970728863,0.3827467969454434,0.5010116653745329,29.62002371936352,22.474299358240646
LOSO,residual,50,4,"1001,1002,1003,1005,1006,1007,1008,1009,1010",1004,SpatialResidual,0.5699790265380257,0.33890252603446164,0.42175391339283574,37.6821649871232,34.73851031045174
LOSO,residual,50,5,"1001,1002,1003,1004,1006,1007,1008,1009,1010",1005,ZeroResidual,-0.0005017922666441521,0.5599655287155381,0.6630630325025796,0.0,0.0
LOSO,residual,50,5,"1001,1002,1003,1004,1006,1007,1008,1009,1010",1005,H,0.36342141878211376,0.3821613107375906,0.5288979589220494,31.752707775744504,20.23413567095648
LOSO,residual,50,5,"1001,1002,1003,1004,1006,1007,1008,1009,1010",1005,SpatialResidual,0.6657226447058342,0.30441066474162554,0.3832651745449367,45.637606400542225,42.19777671839281
LOSO,residual,50,6,"1001,1002,1003,1004,1005,1007,1008,1009,1010",1006,ZeroResidual,-0.010665212730551099,0.47236781180723825,0.5421461904585375,0.0,0.0
LOSO,residual,50,6,"1001,1002,1003,1004,1005,1007,1008,1009,1010",1006,H,0.4734411021030558,0.29793778844900587,0.3913237707415952,36.926737808589934,27.819511115512853
LOSO,residual,50,6,"1001,1002,1003,1004,1005,1007,1008,1009,1010",1006,SpatialResidual,0.4211654504944832,0.28390975629244347,0.41028909529782454,39.89646432380111,24.321317290672212
LOSO,residual,50,7,"1001,1002,1003,1004,1005,1006,1008,1009,1010",1007,ZeroResidual,-0.047376967874575016,0.5583123442749028,0.6593802009957712,0.0,0.0
LOSO,residual,50,7,"1001,1002,1003,1004,1005,1006,1008,1009,1010",1007,H,0.45271964861199965,0.36941601638174887,0.47663872155525977,33.833450008790216,27.714128990306673
LOSO,residual,50,7,"1001,1002,1003,1004,1005,1006,1008,1009,1010",1007,SpatialResidual,0.4833254257809717,0.3596907247782202,0.46311936171232926,35.57535876349618,29.76444227276709
LOSO,residual,50,8,"1001,1002,1003,1004,1005,1006,1007,1009,1010",1008,ZeroResidual,-8.243294518650579e-05,0.5596123029529683,0.689323077222039,0.0,0.0
LOSO,residual,50,8,"1001,1002,1003,1004,1005,1006,1007,1009,1010",1008,H,0.23559063930442203,0.43151802726740746,0.6026538246069161,22.889824796494207,12.573096053072623
LOSO,residual,50,8,"1001,1002,1003,1004,1005,1006,1007,1009,1010",1008,SpatialResidual,0.5255112678529668,0.38033617925332364,0.47480782810747213,32.03577240057776,31.11969643886868
LOSO,residual,50,9,"1001,1002,1003,1004,1005,1006,1007,1008,1010",1009,ZeroResidual,-0.022035542879772718,0.5741123277799223,0.7661407570796712,0.0,0.0
LOSO,residual,50,9,"1001,1002,1003,1004,1005,1006,1007,1008,1010",1009,H,0.1426297163884328,0.4561642231944958,0.7017134166579424,20.54442987516551,8.409334685092206
LOSO,residual,50,9,"1001,1002,1003,1004,1005,1006,1007,1008,1010",1009,SpatialResidual,0.4678166482672229,0.37325084728674635,0.5528485935101701,34.98644268272415,27.839814237597174
LOSO,residual,50,10,"1001,1002,1003,1004,1005,1006,1007,1008,1009",1010,ZeroResidual,-0.020244644769771947,0.6123130915902041,0.7445618625005397,0.0,0.0
LOSO,residual,50,10,"1001,1002,1003,1004,1005,1006,1007,1008,1009",1010,H,0.4171876891842654,0.4226361881252184,0.5627467347833602,30.97711057792124,24.41907608678354
LOSO,residual,50,10,"1001,1002,1003,1004,1005,1006,1007,1008,1009",1010,SpatialResidual,0.5392059444662263,0.39632700867065224,0.5003824385618897,35.27379797786561,32.795048502564555
LOSO,increment,50,1,"1002,1003,1004,1005,1006,1007,1008,1009,1010",1001,Persistence,-0.351585327354317,0.3307598985915493,0.44486235255778284,0.0,0.0
LOSO,increment,50,1,"1002,1003,1004,1005,1006,1007,1008,1009,1010",1001,N,0.19438976302486877,0.2701095288370246,0.34345228338255496,18.33667564078588,22.795830798484076
LOSO,increment,50,1,"1002,1003,1004,1005,1006,1007,1008,1009,1010",1001,N+H,0.1937512131553999,0.26943112951843984,0.3435883715054082,18.54177889588831,22.76523973541236
LOSO,increment,50,1,"1002,1003,1004,1005,1006,1007,1008,1009,1010",1001,Spatial,0.20233373003980548,0.2674669773047609,0.3417547298735083,19.135609109902393,23.177421530827775
LOSO,increment,50,2,"1001,1003,1004,1005,1006,1007,1008,1009,1010",1002,Persistence,-0.39021156061058293,0.3318993577464789,0.45242612766269896,0.0,0.0
LOSO,increment,50,2,"1001,1003,1004,1005,1006,1007,1008,1009,1010",1002,N,0.2803852026445546,0.24792415273371884,0.32550470635879075,25.301406300672763,28.053512726951304
LOSO,increment,50,2,"1001,1003,1004,1005,1006,1007,1008,1009,1010",1002,N+H,0.2814928925244501,0.24790115058952822,0.32525408816174045,25.308336758250867,28.108907007194365
LOSO,increment,50,2,"1001,1003,1004,1005,1006,1007,1008,1009,1010",1002,Spatial,0.2696638587770026,0.24993562922469373,0.327920544156179,24.69535617010537,27.519538747625923
LOSO,increment,50,3,"1001,1002,1004,1005,1006,1007,1008,1009,1010",1003,Persistence,-0.34118761670379816,0.29775665352112674,0.398316675205595,0.0,0.0
LOSO,increment,50,3,"1001,1002,1004,1005,1006,1007,1008,1009,1010",1003,N,0.2246258552106648,0.22801181776119048,0.30285822891483677,23.423434853652278,23.965465729368834
LOSO,increment,50,3,"1001,1002,1004,1005,1006,1007,1008,1009,1010",1003,N+H,0.22537762346846113,0.22718617863601792,0.3027113743812443,23.70072139466117,24.002334518132614
LOSO,increment,50,3,"1001,1002,1004,1005,1006,1007,1008,1009,1010",1003,Spatial,0.22761883387906745,0.22727469674314432,0.30227314063859473,23.670993055737547,24.11235595834055
LOSO,increment,50,4,"1001,1002,1003,1005,1006,1007,1008,1009,1010",1004,Persistence,-0.4194668092544884,0.3150831323943662,0.4256702558266778,0.0,0.0
LOSO,increment,50,4,"1001,1002,1003,1005,1006,1007,1008,1009,1010",1004,N,0.25979429024946876,0.23335496292470861,0.3073879926118551,25.938605106719738,27.78729817170599
LOSO,increment,50,4,"1001,1002,1003,1005,1006,1007,1008,1009,1010",1004,N+H,0.2618887351992285,0.23257158366023992,0.3069528005524015,26.18723132117802,27.889535068340564
LOSO,increment,50,4,"1001,1002,1003,1005,1006,1007,1008,1009,1010",1004,Spatial,0.26482677988320447,0.2328495989846515,0.30634128009478306,26.09899577448313,28.033195671647416
LOSO,increment,50,5,"1001,1002,1003,1004,1006,1007,1008,1009,1010",1005,Persistence,-0.42336783024519486,0.33453758873239436,0.44301462632188693,0.0,0.0
LOSO,increment,50,5,"1001,1002,1003,1004,1006,1007,1008,1009,1010",1005,N,0.30296586524171254,0.2387325828530466,0.3100177180169555,28.63803922374318,30.020884278501935
LOSO,increment,50,5,"1001,1002,1003,1004,1006,1007,1008,1009,1010",1005,N+H,0.30452031773160126,0.2383465177224297,0.309671840559369,28.75344184025625,30.098957876310227
LOSO,increment,50,5,"1001,1002,1003,1004,1006,1007,1008,1009,1010",1005,Spatial,0.304224597513442,0.23790803463382076,0.30973767029819865,28.884513236529063,30.084098380727387
LOSO,increment,50,6,"1001,1002,1003,1004,1005,1007,1008,1009,1010",1006,Persistence,-0.34464427048404644,0.312308461971831,0.409479670140437,0.0,0.0
LOSO,increment,50,6,"1001,1002,1003,1004,1005,1007,1008,1009,1010",1006,N,0.1663613461794029,0.24343386531607059,0.3224167261027084,22.0533879296465,21.26184775128619
LOSO,increment,50,6,"1001,1002,1003,1004,1005,1007,1008,1009,1010",1006,N+H,0.16378673423625378,0.24285886442072513,0.3229142186424838,22.237501063089972,21.140353919955125
LOSO,increment,50,6,"1001,1002,1003,1004,1005,1007,1008,1009,1010",1006,Spatial,0.17281793284764957,0.24167433810832137,0.3211657296670984,22.616781952542976,21.567356553513406
LOSO,increment,50,7,"1001,1002,1003,1004,1005,1006,1008,1009,1010",1007,Persistence,-0.23244154184847998,0.3358549971830986,0.48401509821828526,0.0,0.0
LOSO,increment,50,7,"1001,1002,1003,1004,1005,1006,1008,1009,1010",1007,N,0.16915992928234236,0.27361076398405154,0.3974060384667843,18.533067460989198,17.893875639482896
LOSO,increment,50,7,"1001,1002,1003,1004,1005,1006,1008,1009,1010",1007,N+H,0.17054747592164066,0.27361972559977515,0.3970740553030817,18.530399161931935,17.962465062607226
LOSO,increment,50,7,"1001,1002,1003,1004,1005,1006,1008,1009,1010",1007,Spatial,0.17232685274677562,0.2744592853933457,0.39664791656361437,18.280422296733523,18.05050751025731
LOSO,increment,50,8,"1001,1002,1003,1004,1005,1006,1007,1009,1010",1008,Persistence,-0.2829784898325183,0.3581867267605634,0.4975941080260294,0.0,0.0
LOSO,increment,50,8,"1001,1002,1003,1004,1005,1006,1007,1009,1010",1008,N,0.18025583209907725,0.28492035538298766,0.39774498221056803,20.45479798768535,20.066380249469955
LOSO,increment,50,8,"1001,1002,1003,1004,1005,1006,1007,1009,1010",1008,N+H,0.18217543094245925,0.28396178392304855,0.3972790085927799,20.72241579379682,20.160025574097418
LOSO,increment,50,8,"1001,1002,1003,1004,1005,1006,1007,1009,1010",1008,Spatial,0.18341001359495168,0.28396052940024336,0.39697903043448995,20.722766036480724,20.220311287583854
LOSO,increment,50,9,"1001,1002,1003,1004,1005,1006,1007,1008,1010",1009,Persistence,-0.1651390787645428,0.44574197183098585,0.6884202562473382,0.0,0.0
LOSO,increment,50,9,"1001,1002,1003,1004,1005,1006,1007,1008,1010",1009,N,0.10245064268724657,0.390270304554415,0.6042183720107485,12.444793351792386,12.231174703601015
LOSO,increment,50,9,"1001,1002,1003,1004,1005,1006,1007,1008,1010",1009,N+H,0.10333598976716751,0.3901941634701843,0.6039202965068063,12.461875226294344,12.274473183161588
LOSO,increment,50,9,"1001,1002,1003,1004,1005,1006,1007,1008,1010",1009,Spatial,0.10464650264518272,0.3898223015285796,0.6034788074366715,12.545300608040918,12.338603932675188
LOSO,increment,50,10,"1001,1002,1003,1004,1005,1006,1007,1008,1009",1010,Persistence,-0.18306313054724632,0.41502500281690136,0.59730773439387,0.0,0.0
LOSO,increment,50,10,"1001,1002,1003,1004,1005,1006,1007,1008,1009",1010,N,0.12869469683176926,0.3624947464759071,0.5126008913293006,12.657130530559689,14.181440853185553
LOSO,increment,50,10,"1001,1002,1003,1004,1005,1006,1007,1008,1009",1010,N+H,0.1296625781659967,0.3621794896255396,0.5123161032695698,12.733091460197132,14.229119468969735
LOSO,increment,50,10,"1001,1002,1003,1004,1005,1006,1007,1008,1009",1010,Spatial,0.13165493214866042,0.3615782488014734,0.5117293768912087,12.877960039194878,14.327347960679539
LOSO,absolute,120,1,"1002,1003,1004,1005,1006,1007,1008,1009,1010",1001,Persistence,0.9707175707373527,0.5980553965517242,0.7980729130637628,0.0,0.0
LOSO,absolute,120,1,"1002,1003,1004,1005,1006,1007,1008,1009,1010",1001,N,0.97966636862172,0.5546911959883508,0.6650380476742467,7.25086686173276,16.669512673823473
LOSO,absolute,120,1,"1002,1003,1004,1005,1006,1007,1008,1009,1010",1001,N+H,0.9907340570759903,0.3516344001124842,0.44893537683830376,41.203707526101674,43.74757375051574
LOSO,absolute,120,1,"1002,1003,1004,1005,1006,1007,1008,1009,1010",1001,Spatial,0.9920742061566276,0.3202626063408829,0.41520292599569064,46.44934094944092,47.97431172024785
LOSO,absolute,120,2,"1001,1003,1004,1005,1006,1007,1008,1009,1010",1002,Persistence,0.9675423049470908,0.6112071609195403,0.8430759773699377,0.0,0.0
LOSO,absolute,120,2,"1001,1003,1004,1005,1006,1007,1008,1009,1010",1002,N,0.9795479876989045,0.49903573193115747,0.669230767962741,18.35244024622106,20.620349063855993
LOSO,absolute,120,2,"1001,1003,1004,1005,1006,1007,1008,1009,1010",1002,N+H,0.9874592452340007,0.3839448555094433,0.5240463669654224,37.18253318043405,37.84114587154541
LOSO,absolute,120,2,"1001,1003,1004,1005,1006,1007,1008,1009,1010",1002,Spatial,0.9873040942711756,0.38093369406862093,0.5272780850108857,37.67519125667324,37.45782122083659
LOSO,absolute,120,3,"1001,1002,1004,1005,1006,1007,1008,1009,1010",1003,Persistence,0.967852070925462,0.5201727183908047,0.7098165827823362,0.0,0.0
LOSO,absolute,120,3,"1001,1002,1004,1005,1006,1007,1008,1009,1010",1003,N,0.9821544968438876,0.4536612522458595,0.5288518636402388,12.786419547473317,25.49457472982
LOSO,absolute,120,3,"1001,1002,1004,1005,1006,1007,1008,1009,1010",1003,N+H,0.9910447017610187,0.29715785748236445,0.37463613755004876,42.87323287510239,47.22071213361182
LOSO,absolute,120,3,"1001,1002,1004,1005,1006,1007,1008,1009,1010",1003,Spatial,0.9931387172482556,0.2562757599612898,0.32792331740113034,50.732564223264326,53.80168266628291
LOSO,absolute,120,4,"1001,1002,1003,1005,1006,1007,1008,1009,1010",1004,Persistence,0.9706953068085205,0.5806225977011493,0.7842276682007796,0.0,0.0
LOSO,absolute,120,4,"1001,1002,1003,1005,1006,1007,1008,1009,1010",1004,N,0.9824301885166948,0.5144051860545634,0.6072354562779785,11.404552958971895,22.568983357711275
LOSO,absolute,120,4,"1001,1002,1003,1005,1006,1007,1008,1009,1010",1004,N+H,0.9905932533898577,0.37316246906376965,0.44431737217421186,35.73063285148969,43.34331850423099
LOSO,absolute,120,4,"1001,1002,1003,1005,1006,1007,1008,1009,1010",1004,Spatial,0.9930204244761396,0.2970814495668156,0.3827260970299894,48.83398428806493,51.19706782240141
LOSO,absolute,120,5,"1001,1002,1003,1004,1006,1007,1008,1009,1010",1005,Persistence,0.9712181707365461,0.6133816091954023,0.8124747181041332,0.0,0.0
LOSO,absolute,120,5,"1001,1002,1003,1004,1006,1007,1008,1009,1010",1005,N,0.9834600443537549,0.5067996253404101,0.6159108146862494,17.376129681292554,24.193233221650914
LOSO,absolute,120,5,"1001,1002,1003,1004,1006,1007,1008,1009,1010",1005,N+H,0.9924087263731847,0.3233686657174012,0.41726118055666034,47.28099752752988,48.64317974960289
LOSO,absolute,120,5,"1001,1002,1003,1004,1006,1007,1008,1009,1010",1005,Spatial,0.9943168561266615,0.28133653829353905,0.3610314078572705,54.1335224147689,55.563982507699656
LOSO,absolute,120,6,"1001,1002,1003,1004,1005,1007,1008,1009,1010",1006,Persistence,0.9733639123543005,0.5456548793103448,0.7073887395708556,0.0,0.0
LOSO,absolute,120,6,"1001,1002,1003,1004,1005,1007,1008,1009,1010",1006,N,0.9878558096190083,0.40209508375128944,0.47764716909731814,26.309632883792982,32.47741413199657
LOSO,absolute,120,6,"1001,1002,1003,1004,1005,1007,1008,1009,1010",1006,N+H,0.9944538636779507,0.26474860439212206,0.3227886048436523,51.480576014139416,54.36899306038216
LOSO,absolute,120,6,"1001,1002,1003,1004,1005,1007,1008,1009,1010",1006,Spatial,0.9921786034223361,0.27060677471016753,0.3833231763180221,50.40697243426313,45.81152414857933
LOSO,absolute,120,7,"1001,1002,1003,1004,1005,1006,1008,1009,1010",1007,Persistence,0.9630230612948858,0.5628650689655172,0.7910743897618191,0.0,0.0
LOSO,absolute,120,7,"1001,1002,1003,1004,1005,1006,1008,1009,1010",1007,N,0.9758198122739111,0.5383555333692047,0.6397078533139705,4.354424700995978,19.13429867113039
LOSO,absolute,120,7,"1001,1002,1003,1004,1005,1006,1008,1009,1010",1007,N+H,0.9858122226053354,0.38318117133103025,0.49001461248722383,31.923085574438968,38.05707543701926
LOSO,absolute,120,7,"1001,1002,1003,1004,1005,1006,1008,1009,1010",1007,Spatial,0.9900541670355125,0.3021325400515242,0.4102725198556739,46.32238582386897,48.13730223535602
LOSO,absolute,120,8,"1001,1002,1003,1004,1005,1006,1007,1009,1010",1008,Persistence,0.966007130146267,0.6237542413793103,0.8523625590459205,0.0,0.0
LOSO,absolute,120,8,"1001,1002,1003,1004,1005,1006,1007,1009,1010",1008,N,0.978101948958151,0.5443336465078651,0.6841214077275446,12.732674121112534,19.738214628607594
LOSO,absolute,120,8,"1001,1002,1003,1004,1005,1006,1007,1009,1010",1008,N+H,0.9860881501871903,0.4512457580260023,0.5452841689099208,27.656482619154513,36.026733797378824
LOSO,absolute,120,8,"1001,1002,1003,1004,1005,1006,1007,1009,1010",1008,Spatial,0.9907332936569242,0.34610370171620664,0.4450339563693223,44.512809892744606,47.788185714367316
LOSO,absolute,120,9,"1001,1002,1003,1004,1005,1006,1007,1008,1010",1009,Persistence,0.965359187270471,0.6703987011494252,0.9571762732152953,0.0,0.0
LOSO,absolute,120,9,"1001,1002,1003,1004,1005,1006,1007,1008,1010",1009,N,0.979943374016144,0.5345109470442002,0.7283276978451183,20.26969232968979,23.908717941935723
LOSO,absolute,120,9,"1001,1002,1003,1004,1005,1006,1007,1008,1010",1009,N+H,0.9874812571821471,0.42033902616308444,0.5754111153840579,37.30014311746182,39.88451955132907
LOSO,absolute,120,9,"1001,1002,1003,1004,1005,1006,1007,1008,1010",1009,Spatial,0.9895938598133914,0.36747966682981936,0.5246174406407854,45.18490769749988,45.19113612391179
LOSO,absolute,120,10,"1001,1002,1003,1004,1005,1006,1007,1008,1009",1010,Persistence,0.9607724784046302,0.6353293563218392,0.9193444592999873,0.0,0.0
LOSO,absolute,120,10,"1001,1002,1003,1004,1005,1006,1007,1008,1009",1010,N,0.9747848244218069,0.5928161098938273,0.7370786406396983,6.691528733086897,19.8256286657855
LOSO,absolute,120,10,"1001,1002,1003,1004,1005,1006,1007,1008,1009",1010,N+H,0.9858362799226063,0.4259113130728139,0.5524226736408607,32.96212289975473,39.91124131411096
LOSO,absolute,120,10,"1001,1002,1003,1004,1005,1006,1007,1008,1009",1010,Spatial,0.9878670156108326,0.3819959528173017,0.511289233141305,39.874342493975085,44.38545553093191
LOSO,residual,120,1,"1002,1003,1004,1005,1006,1007,1008,1009,1010",1001,ZeroResidual,-0.004825261333487152,0.6026597393896943,0.7035427438081778,0.0,0.0
LOSO,residual,120,1,"1002,1003,1004,1005,1006,1007,1008,1009,1010",1001,H,0.38208744266945194,0.4050223169828972,0.5517072948564311,32.79419703843863,21.58155283215385
LOSO,residual,120,1,"1002,1003,1004,1005,1006,1007,1008,1009,1010",1001,SpatialResidual,0.6888992847234992,0.30140547164011133,0.3914675074677628,49.98745528524259,44.3576796274233
LOSO,residual,120,2,"1001,1003,1004,1005,1006,1007,1008,1009,1010",1002,ZeroResidual,-0.11356944589909901,0.5271615861616747,0.6878225819746148,0.0,0.0
LOSO,residual,120,2,"1001,1003,1004,1005,1006,1007,1008,1009,1010",1002,H,0.004521085038189376,0.39722326788555956,0.65033003170661,24.64866972235426,5.450904237597207
LOSO,residual,120,2,"1001,1003,1004,1005,1006,1007,1008,1009,1010",1002,SpatialResidual,0.3898222130030019,0.3707818390475084,0.5091502644705371,29.664480724550817,25.976512284772856
LOSO,residual,120,3,"1001,1002,1004,1005,1006,1007,1008,1009,1010",1003,ZeroResidual,-0.002321157217489489,0.4912624318901925,0.5488681412927241,0.0,0.0
LOSO,residual,120,3,"1001,1002,1004,1005,1006,1007,1008,1009,1010",1003,H,0.4986931422707147,0.29330451235289123,0.3881650212341235,40.29575776344913,29.27900309172689
LOSO,residual,120,3,"1001,1002,1004,1005,1006,1007,1008,1009,1010",1003,SpatialResidual,0.6638120843580317,0.25557630155062977,0.31787445137149617,47.97560632363672,42.08546143290062
LOSO,residual,120,4,"1001,1002,1003,1005,1006,1007,1008,1009,1010",1004,ZeroResidual,-0.009346337443109531,0.5510016227259341,0.6514540774622447,0.0,0.0
LOSO,residual,120,4,"1001,1002,1003,1005,1006,1007,1008,1009,1010",1004,H,0.42557598724322065,0.36830518651224364,0.4914507409789721,33.157150301998826,24.560954028650723
LOSO,residual,120,4,"1001,1002,1003,1005,1006,1007,1008,1009,1010",1004,SpatialResidual,0.6244041492931243,0.3187721850920074,0.3973965513054525,42.146779257206774,38.998531891377446
LOSO,residual,120,5,"1001,1002,1003,1004,1006,1007,1008,1009,1010",1005,ZeroResidual,-0.0003327520238163295,0.563571571126426,0.6663522671236486,0.0,0.0
LOSO,residual,120,5,"1001,1002,1003,1004,1006,1007,1008,1009,1010",1005,H,0.36021014070374935,0.38058875831811856,0.5329056338401646,32.468424985059954,20.026439447638516
LOSO,residual,120,5,"1001,1002,1003,1004,1006,1007,1008,1009,1010",1005,SpatialResidual,0.698690683969855,0.2934673652342362,0.3657109089541873,47.92722339636917,45.11748109857847
LOSO,residual,120,6,"1001,1002,1003,1004,1005,1007,1008,1009,1010",1006,ZeroResidual,-0.010263524687486036,0.4749695023932219,0.5441018758985011,0.0,0.0
LOSO,residual,120,6,"1001,1002,1003,1004,1005,1007,1008,1009,1010",1006,H,0.4736176070706444,0.29238776112014847,0.3927476215432046,38.440729426437166,27.817263835997277
LOSO,residual,120,6,"1001,1002,1003,1004,1005,1007,1008,1009,1010",1006,SpatialResidual,0.5033402737757239,0.27051026100956643,0.3814980821537183,43.04681465935174,29.88480667821031
LOSO,residual,120,7,"1001,1002,1003,1004,1005,1006,1008,1009,1010",1007,ZeroResidual,-0.04822585561930537,0.5649229211994744,0.6645821734698963,0.0,0.0
LOSO,residual,120,7,"1001,1002,1003,1004,1005,1006,1008,1009,1010",1007,H,0.4817516699590957,0.35466401147961346,0.46729400506400687,37.21904384290657,29.686045801652256
LOSO,residual,120,7,"1001,1002,1003,1004,1005,1006,1008,1009,1010",1007,SpatialResidual,0.5242861856604597,0.3447031939188365,0.44770725840113146,38.982260945095945,32.633273013692815
LOSO,residual,120,8,"1001,1002,1003,1004,1005,1006,1007,1009,1010",1008,ZeroResidual,-0.00016697241128982299,0.5632723684475106,0.6920326354494236,0.0,0.0
LOSO,residual,120,8,"1001,1002,1003,1004,1005,1006,1007,1009,1010",1008,H,0.2497790840988272,0.4201447861292842,0.5993560660672363,25.41001304798852,13.391936251966028
LOSO,residual,120,8,"1001,1002,1003,1004,1005,1006,1007,1009,1010",1008,SpatialResidual,0.5397497309449462,0.37729407771196005,0.46944784169750853,33.01747097024185,32.163915738939515
LOSO,residual,120,9,"1001,1002,1003,1004,1005,1006,1007,1008,1010",1009,ZeroResidual,-0.02308802020174161,0.5829902011140647,0.7721890754262279,0.0,0.0
LOSO,residual,120,9,"1001,1002,1003,1004,1005,1006,1007,1008,1010",1009,H,0.14138184009721466,0.453353494620809,0.707403474015907,22.236515510128054,8.389862466593565
LOSO,residual,120,9,"1001,1002,1003,1004,1005,1006,1007,1008,1010",1009,SpatialResidual,0.47506074563938094,0.3715456411755648,0.553122950032819,36.26897322363911,28.369492960320667
LOSO,residual,120,10,"1001,1002,1003,1004,1005,1006,1007,1008,1009",1010,ZeroResidual,-0.021170811038031978,0.6191548601418653,0.7504056955176351,0.0,0.0
LOSO,residual,120,10,"1001,1002,1003,1004,1005,1006,1007,1008,1009",1010,H,0.4396587345455646,0.41298052392203083,0.5558699905813788,33.2993164541411,25.924070952321898
LOSO,residual,120,10,"1001,1002,1003,1004,1005,1006,1007,1008,1009",1010,SpatialResidual,0.5731990202850552,0.3893455456403459,0.4851316726631006,37.11661319251597,35.350747527515324
LOSO,increment,120,1,"1002,1003,1004,1005,1006,1007,1008,1009,1010",1001,Persistence,-0.8994534509190455,0.5980553965517242,0.7980729130637628,0.0,0.0
LOSO,increment,120,1,"1002,1003,1004,1005,1006,1007,1008,1009,1010",1001,N,0.5545542199640647,0.2925782515486139,0.38647879280103276,51.0784028978644,51.57349830138207
LOSO,increment,120,1,"1002,1003,1004,1005,1006,1007,1008,1009,1010",1001,N+H,0.5546149678333052,0.2910040470394103,0.38645243879261715,51.34162341527469,51.5768005069806
LOSO,increment,120,1,"1002,1003,1004,1005,1006,1007,1008,1009,1010",1001,Spatial,0.5618318494725918,0.28933951102137556,0.38330867359107895,51.619948136969725,51.97072005368836
LOSO,increment,120,2,"1001,1003,1004,1005,1006,1007,1008,1009,1010",1002,Persistence,-0.8429571724333957,0.6112071609195403,0.8430759773699377,0.0,0.0
LOSO,increment,120,2,"1001,1003,1004,1005,1006,1007,1008,1009,1010",1002,N,0.5744339811750655,0.3055179078240092,0.4051282839783727,50.01401695550033,51.94640876351238
LOSO,increment,120,2,"1001,1003,1004,1005,1006,1007,1008,1009,1010",1002,N+H,0.5783135556120436,0.30373232654576204,0.4032774268215906,50.306157066483465,52.165944986398955
LOSO,increment,120,2,"1001,1003,1004,1005,1006,1007,1008,1009,1010",1002,Spatial,0.5733157287489102,0.3050775460971408,0.4056602090479352,50.086064823232434,51.883315390691834
LOSO,increment,120,3,"1001,1002,1004,1005,1006,1007,1008,1009,1010",1003,Persistence,-0.8026061959124708,0.5201727183908047,0.7098165827823362,0.0,0.0
LOSO,increment,120,3,"1001,1002,1004,1005,1006,1007,1008,1009,1010",1003,N,0.5308580785594224,0.27708140771297435,0.36211609846518866,46.73280663965855,48.98455358062114
LOSO,increment,120,3,"1001,1002,1004,1005,1006,1007,1008,1009,1010",1003,N+H,0.5317688389047586,0.2761892497974216,0.3617644338764058,46.90431850177864,49.03409660304596
LOSO,increment,120,3,"1001,1002,1004,1005,1006,1007,1008,1009,1010",1003,Spatial,0.5350734576830486,0.27680788971626585,0.3604855672974135,46.78538878920969,49.214265200119215
LOSO,increment,120,4,"1001,1002,1003,1005,1006,1007,1008,1009,1010",1004,Persistence,-0.9648832823916429,0.5806225977011493,0.7842276682007796,0.0,0.0
LOSO,increment,120,4,"1001,1002,1003,1005,1006,1007,1008,1009,1010",1004,N,0.5788124311551552,0.2678060355279462,0.3630877142963778,53.87605708281649,53.70123638593438
LOSO,increment,120,4,"1001,1002,1003,1005,1006,1007,1008,1009,1010",1004,N+H,0.5821044415663361,0.26540619925824316,0.3616659803750279,54.28937827961535,53.88252735270322
LOSO,increment,120,4,"1001,1002,1003,1005,1006,1007,1008,1009,1010",1004,Spatial,0.5844006714037145,0.26511608104537426,0.3606709803726876,54.339345024626226,54.0094037742688
LOSO,increment,120,5,"1001,1002,1003,1004,1006,1007,1008,1009,1010",1005,Persistence,-0.909290585444136,0.6133816091954023,0.8124747181041332,0.0,0.0
LOSO,increment,120,5,"1001,1002,1003,1004,1006,1007,1008,1009,1010",1005,N,0.6238801477843587,0.2704091493314185,0.3606093380777759,55.915021696505505,55.615931173927635
LOSO,increment,120,5,"1001,1002,1003,1004,1006,1007,1008,1009,1010",1005,N+H,0.6225864480833283,0.2695065948593774,0.3612289806179118,56.062165735144845,55.5396651035714
LOSO,increment,120,5,"1001,1002,1003,1004,1006,1007,1008,1009,1010",1005,Spatial,0.6233119074713032,0.27013262326836934,0.3608816388151929,55.960103919204016,55.58241619415665
LOSO,increment,120,6,"1001,1002,1003,1004,1005,1007,1008,1009,1010",1006,Persistence,-0.9225671611083717,0.5456548793103448,0.7073887395708556,0.0,0.0
LOSO,increment,120,6,"1001,1002,1003,1004,1005,1007,1008,1009,1010",1006,N,0.4634079736321931,0.2905510891708307,0.37371410510819875,46.75185722923264,47.169910375599684
LOSO,increment,120,6,"1001,1002,1003,1004,1005,1007,1008,1009,1010",1006,N+H,0.45290577541626975,0.29212171605701237,0.3773535564076526,46.46401468521164,46.655419389828296
LOSO,increment,120,6,"1001,1002,1003,1004,1005,1007,1008,1009,1010",1006,Spatial,0.4636633317816653,0.28924887889727796,0.3736251713429225,46.99050812798363,47.18248249617516
LOSO,increment,120,7,"1001,1002,1003,1004,1005,1006,1008,1009,1010",1007,Persistence,-0.6777692048926613,0.5628650689655172,0.7910743897618191,0.0,0.0
LOSO,increment,120,7,"1001,1002,1003,1004,1005,1006,1008,1009,1010",1007,N,0.5170192317654213,0.2947035930561913,0.4244398325277634,47.64223091729188,46.34640711152891
LOSO,increment,120,7,"1001,1002,1003,1004,1005,1006,1008,1009,1010",1007,N+H,0.5210909573338695,0.2915804692800372,0.42264694507694417,48.19709281019528,46.57304666326046
LOSO,increment,120,7,"1001,1002,1003,1004,1005,1006,1008,1009,1010",1007,Spatial,0.520876986434611,0.29204367204134407,0.422741351362773,48.11479906221796,46.56111273049122
LOSO,increment,120,8,"1001,1002,1003,1004,1005,1006,1007,1009,1010",1008,Persistence,-0.7588558380562216,0.6237542413793103,0.8523625590459205,0.0,0.0
LOSO,increment,120,8,"1001,1002,1003,1004,1005,1006,1007,1009,1010",1008,N,0.5229177093471935,0.32920074961746054,0.4439212045003328,47.22268358616728,47.91873484010966
LOSO,increment,120,8,"1001,1002,1003,1004,1005,1006,1007,1009,1010",1008,N+H,0.5280853947132038,0.3262856471641815,0.4415104137190437,47.69003150300594,48.20157114676155
LOSO,increment,120,8,"1001,1002,1003,1004,1005,1006,1007,1009,1010",1008,Spatial,0.5306428220202453,0.32700390262750667,0.4403124589430596,47.57488110952134,48.34211635997751
LOSO,increment,120,9,"1001,1002,1003,1004,1005,1006,1007,1008,1010",1009,Persistence,-0.7077295323751489,0.6703987011494252,0.9571762732152953,0.0,0.0
LOSO,increment,120,9,"1001,1002,1003,1004,1005,1006,1007,1008,1010",1009,N,0.44152874530910313,0.37317206892770277,0.5473722702007006,44.33580072755445,42.813848867983644
LOSO,increment,120,9,"1001,1002,1003,1004,1005,1006,1007,1008,1010",1009,N+H,0.4438294098123817,0.37179445656596566,0.546243635928281,44.54129222975682,42.93176176490788
LOSO,increment,120,9,"1001,1002,1003,1004,1005,1006,1007,1008,1010",1009,Spatial,0.44358707294737365,0.3725961641984105,0.5463626286941697,44.42170553737954,42.91933011890719
LOSO,increment,120,10,"1001,1002,1003,1004,1005,1006,1007,1008,1009",1010,Persistence,-0.5923384728874472,0.6353293563218392,0.9193444592999873,0.0,0.0
LOSO,increment,120,10,"1001,1002,1003,1004,1005,1006,1007,1008,1009",1010,N,0.41658116105205456,0.38985485107000667,0.5564815797022172,38.63736230810691,39.46974128435638
LOSO,increment,120,10,"1001,1002,1003,1004,1005,1006,1007,1008,1009",1010,N+H,0.41968288181502356,0.38885119105926347,0.5550003533591569,38.79533706572771,39.630858951197844
LOSO,increment,120,10,"1001,1002,1003,1004,1005,1006,1007,1008,1009",1010,Spatial,0.4176030497554777,0.3886325095996763,0.5559940127685374,38.82975723810147,39.522775479401304
